Date,Adj Close,Close,High,Low,Open,Volume
2021-07-07,2854.313720703125,3274.949951171875,3282.699951171875,3241.60009765625,3275.0,2640710
2021-07-08,2839.976318359375,3258.5,3298.0,3231.89990234375,3298.0,2485811
2021-07-09,2796.09326171875,3208.14990234375,3282.0,3201.0,3250.0,6365067
2021-07-12,2782.977294921875,3193.10009765625,3236.0,3188.35009765625,3235.0,1892226
2021-07-13,2778.139404296875,3187.550048828125,3214.0,3175.0,3214.0,1809339
2021-07-14,2801.671630859375,3214.550048828125,3222.0,3185.0,3187.0,2044279
2021-07-15,2797.654052734375,3202.949951171875,3231.85009765625,3194.0,3227.60009765625,2232968
2021-07-16,2790.53515625,3194.800048828125,3219.85009765625,3192.0,3213.0,1256526
2021-07-19,2781.625732421875,3184.60009765625,3199.800048828125,3176.0,3180.0,1597058
2021-07-20,2800.14306640625,3205.800048828125,3215.0,3156.14990234375,3184.60009765625,1811945
2021-07-22,2809.3583984375,3216.35009765625,3224.949951171875,3190.0,3190.0,2859334
2021-07-23,2806.30078125,3212.85009765625,3241.550048828125,3206.64990234375,3230.0,1776193
2021-07-26,2792.93701171875,3197.550048828125,3224.25,3190.85009765625,3200.0,1259611
2021-07-27,2780.1845703125,3182.949951171875,3210.0,3161.14990234375,3200.0,1121367
2021-07-28,2793.155517578125,3197.800048828125,3204.449951171875,3132.39990234375,3188.0,1660654
2021-07-29,2791.40869140625,3195.800048828125,3225.449951171875,3190.300048828125,3200.25,1731997
2021-07-30,2766.645263671875,3167.449951171875,3223.5,3162.35009765625,3219.0,2999943
2021-08-02,2812.021728515625,3219.39990234375,3224.89990234375,3167.0,3180.0,2608669
2021-08-03,2869.23388671875,3284.89990234375,3290.0,3218.949951171875,3229.0,3804735
2021-08-04,2859.669677734375,3273.949951171875,3305.199951171875,3261.199951171875,3300.0,2929598
2021-08-05,2868.403564453125,3283.949951171875,3315.0,3262.5,3275.0,2534521
2021-08-06,2890.983154296875,3309.800048828125,3324.0,3265.0,3272.550048828125,2292362
2021-08-09,2902.2509765625,3322.699951171875,3337.0,3310.0,3323.89990234375,1510489
2021-08-10,2912.033203125,3333.89990234375,3349.89990234375,3315.60009765625,3315.60009765625,2040777
2021-08-11,2921.030517578125,3344.199951171875,3360.0,3327.10009765625,3350.0,1929707
2021-08-12,2927.625244140625,3351.75,3368.0,3326.0,3326.0,1310205
2021-08-13,3025.147216796875,3463.39990234375,3480.0,3357.5,3360.75,4363584
2021-08-16,3033.488525390625,3472.949951171875,3494.35009765625,3436.5,3460.0,2083489
2021-08-17,3103.4521484375,3553.050048828125,3560.800048828125,3463.0,3482.10009765625,4336019
2021-08-18,3110.00341796875,3560.550048828125,3595.0,3536.60009765625,3573.85009765625,2631309
2021-08-20,3109.086181640625,3559.5,3575.0,3500.0,3506.0,2836148
2021-08-23,3177.129150390625,3637.39990234375,3673.0,3561.89990234375,3580.0,3744176
2021-08-24,3155.99169921875,3613.199951171875,3667.35009765625,3594.39990234375,3657.0,2511141
2021-08-25,3195.99560546875,3659.0,3697.75,3607.050048828125,3610.0,2123263
2021-08-26,3207.2197265625,3671.85009765625,3687.60009765625,3647.89990234375,3660.0,1902533
2021-08-27,3249.407958984375,3720.14990234375,3729.5,3651.10009765625,3666.0,3944728
2021-08-30,3232.943359375,3701.300048828125,3740.35009765625,3687.60009765625,3715.0,2033114
2021-08-31,3307.318359375,3786.449951171875,3804.10009765625,3703.449951171875,3709.39990234375,3207480
2021-09-01,3244.865478515625,3714.949951171875,3816.699951171875,3707.0,3796.0,2643336
2021-09-02,3351.253173828125,3836.75,3859.14990234375,3722.0,3734.0,3403717
2021-09-03,3355.8828125,3842.050048828125,3856.89990234375,3804.550048828125,3825.0,1746812
2021-09-06,3364.57421875,3852.0,3877.60009765625,3814.0,3849.699951171875,1723693
2021-09-07,3333.041748046875,3815.89990234375,3869.949951171875,3808.25,3864.0,1585039
2021-09-08,3296.574951171875,3774.14990234375,3815.0,3756.0,3810.0,4147175
2021-09-09,3311.641845703125,3791.39990234375,3808.699951171875,3765.0,3789.699951171875,1441148
2021-09-13,3358.765869140625,3845.35009765625,3852.39990234375,3767.0,3767.0,1691473
2021-09-14,3394.183837890625,3885.89990234375,3896.5,3825.0,3849.949951171875,1991188
2021-09-15,3454.1474609375,3954.550048828125,3980.0,3866.0,3882.10009765625,2461369
2021-09-16,3409.38232421875,3903.300048828125,3981.75,3892.10009765625,3930.0,2946666
2021-09-17,3343.47998046875,3827.85009765625,3945.0,3805.0,3920.0,6477148
2021-09-20,3339.680419921875,3823.5,3871.0,3807.85009765625,3809.0,2002008
2021-09-21,3374.138427734375,3862.949951171875,3871.550048828125,3821.64990234375,3858.0,1568129
2021-09-22,3373.439697265625,3862.14990234375,3896.85009765625,3852.449951171875,3862.5,1744067
2021-09-23,3379.640625,3869.25,3879.0,3835.0,3870.0,2003869
2021-09-24,3381.431396484375,3871.300048828125,3944.39990234375,3855.0,3890.0,2320754
2021-09-27,3351.4287109375,3836.949951171875,3904.0,3802.89990234375,3900.0,1673362
2021-09-28,3300.942138671875,3779.14990234375,3850.0,3751.25,3850.0,2253075
2021-09-29,3312.0791015625,3791.89990234375,3806.0,3722.14990234375,3759.800048828125,2489161
2021-09-30,3297.79833984375,3775.550048828125,3805.0,3750.10009765625,3805.0,2252412
2021-10-01,3258.185791015625,3730.199951171875,3810.0,3725.0,3781.75,1578374
2021-10-04,3295.832275390625,3773.300048828125,3783.64990234375,3707.449951171875,3724.800048828125,1356860
2021-10-05,3348.239990234375,3833.300048828125,3840.0,3741.60009765625,3754.0,1877966
2021-10-06,3328.674072265625,3810.89990234375,3857.449951171875,3795.0,3836.0,1678154
2021-10-07,3400.29833984375,3892.89990234375,3899.0,3820.050048828125,3830.0,1647233
2021-10-08,3437.638916015625,3935.64990234375,3989.89990234375,3900.0,3925.0,2934339
2021-10-11,3219.22998046875,3685.60009765625,3757.5,3660.0,3755.0,11845402
2021-10-12,3190.62451171875,3652.85009765625,3707.0,3630.60009765625,3706.0,5752877
2021-10-13,3192.67626953125,3655.199951171875,3675.449951171875,3645.0,3650.0,3545655
2021-10-14,3160.515380859375,3611.449951171875,3670.0,3608.199951171875,3625.0,6442299
2021-10-18,3191.758056640625,3647.14990234375,3652.699951171875,3601.449951171875,3603.449951171875,3590107
2021-10-19,3180.380859375,3634.14990234375,3690.10009765625,3625.199951171875,3669.0,3135441
2021-10-20,3158.2392578125,3608.85009765625,3630.0,3578.300048828125,3612.0,2933693
2021-10-21,3091.4228515625,3532.5,3607.449951171875,3511.25,3604.10009765625,4871211
2021-10-22,3061.9755859375,3498.85009765625,3561.60009765625,3485.0,3560.0,2691670
2021-10-25,3056.811767578125,3492.949951171875,3514.550048828125,3450.0,3503.0,2595594
2021-10-26,3047.753662109375,3482.60009765625,3529.0,3475.0,3494.5,3878763
2021-10-27,3054.011474609375,3489.75,3511.25,3483.0,3483.0,2510813
2021-10-28,2994.4140625,3421.64990234375,3518.0,3415.0,3518.0,2424942
2021-10-29,2973.498291015625,3397.75,3461.0,3385.949951171875,3400.050048828125,3960501
2021-11-01,3042.327392578125,3476.39990234375,3487.0,3412.949951171875,3437.949951171875,2020718
2021-11-02,3049.15380859375,3484.199951171875,3513.60009765625,3469.75,3494.0,3087414
2021-11-03,3056.19921875,3492.25,3519.89990234375,3466.050048828125,3504.199951171875,1537639
2021-11-04,3070.5517578125,3508.64990234375,3513.25,3505.0,3512.949951171875,328991
2021-11-08,3065.3876953125,3502.75,3548.0,3481.199951171875,3548.0,2526082
2021-11-09,3067.9697265625,3505.699951171875,3535.0,3496.0,3508.0,1782692
2021-11-10,3049.2412109375,3484.300048828125,3519.699951171875,3480.199951171875,3498.0,1516489
2021-11-11,3052.65478515625,3488.199951171875,3510.050048828125,3436.0,3480.0,1284514
2021-11-12,3085.779296875,3526.050048828125,3534.14990234375,3485.699951171875,3506.0,1747259
2021-11-15,3109.6259765625,3553.300048828125,3569.60009765625,3528.0,3528.0,1809157
2021-11-16,3112.3388671875,3556.39990234375,3575.550048828125,3542.0,3569.0,2013204
2021-11-17,3082.146484375,3521.89990234375,3562.85009765625,3506.39990234375,3550.60009765625,1632914
2021-11-18,3041.715087890625,3475.699951171875,3520.85009765625,3451.60009765625,3515.14990234375,2136598
2021-11-22,3026.5751953125,3458.39990234375,3515.949951171875,3440.300048828125,3478.39990234375,3167936
2021-11-23,3031.6953125,3464.25,3480.949951171875,3407.800048828125,3445.0,2153461
2021-11-24,3013.36083984375,3443.300048828125,3493.050048828125,3424.0,3472.199951171875,2161746
2021-11-25,3015.635986328125,3445.89990234375,3463.0,3434.050048828125,3443.89990234375,1849619
2021-11-26,3016.4677734375,3446.85009765625,3490.0,3411.89990234375,3425.0,1941251
2021-11-29,3064.731689453125,3502.0,3529.35009765625,3406.449951171875,3447.14990234375,2981745
2021-11-30,3088.491943359375,3529.14990234375,3563.75,3491.0,3491.0,5588446
2021-12-01,3131.06689453125,3577.800048828125,3590.0,3535.0,3535.0,2102118
2021-12-02,3188.038330078125,3642.89990234375,3648.0,3574.10009765625,3589.199951171875,3152938
2021-12-03,3185.89453125,3640.449951171875,3665.949951171875,3630.85009765625,3646.449951171875,2486263
2021-12-06,3094.836181640625,3536.39990234375,3658.0,3522.0,3640.449951171875,1849642
2021-12-07,3136.9306640625,3584.5,3598.0,3524.300048828125,3562.5,1484458
2021-12-08,3174.0361328125,3626.89990234375,3646.449951171875,3601.0,3601.0,1428660
2021-12-09,3152.026611328125,3601.75,3634.75,3566.0,3610.0,1567957
2021-12-10,3182.699951171875,3636.800048828125,3642.0,3575.10009765625,3585.0,1510718
2021-12-13,3158.939208984375,3609.64990234375,3662.0,3601.699951171875,3650.0,1883864
2021-12-14,3171.322998046875,3623.800048828125,3635.0,3576.699951171875,3605.0,1747007
2021-12-15,3124.54736328125,3570.35009765625,3623.0,3558.14990234375,3620.0,1603233
2021-12-16,3134.39306640625,3581.60009765625,3608.449951171875,3570.0,3582.0,2072320
2021-12-17,3136.799072265625,3584.35009765625,3651.35009765625,3573.699951171875,3602.5,4333992
2021-12-20,3112.77685546875,3556.89990234375,3606.0,3510.14990234375,3589.0,2312310
2021-12-21,3157.7587890625,3608.300048828125,3641.199951171875,3566.39990234375,3582.64990234375,2340989
2021-12-22,3177.405517578125,3630.75,3636.800048828125,3606.25,3624.0,1224328
2021-12-23,3205.3662109375,3662.699951171875,3670.5,3630.0,3648.0,1792861
2021-12-24,3212.54248046875,3670.89990234375,3705.0,3644.800048828125,3685.0,2209923
2021-12-27,3234.595947265625,3696.10009765625,3700.0,3653.10009765625,3671.0,1534135
2021-12-28,3243.740966796875,3706.550048828125,3725.0,3693.85009765625,3710.0,1456218
2021-12-29,3233.3701171875,3694.699951171875,3719.949951171875,3685.0,3692.25,1456923
2021-12-30,3267.544921875,3733.75,3740.0,3680.0,3681.35009765625,1966475
2021-12-31,3271.5703125,3738.35009765625,3760.0,3731.300048828125,3742.800048828125,1207141
2022-01-03,3341.05615234375,3817.75,3830.0,3745.0,3750.0,2346158
2022-01-04,3399.6904296875,3884.75,3889.14990234375,3811.699951171875,3831.10009765625,2488606
2022-01-05,3378.862060546875,3860.949951171875,3870.0,3812.39990234375,3865.0,1733031
2022-01-06,3332.042236328125,3807.449951171875,3835.0,3772.0,3812.0,1810293
2022-01-07,3372.3427734375,3853.5,3864.89990234375,3796.39990234375,3820.0,2460591
2022-01-10,3395.402587890625,3879.85009765625,3978.0,3861.0,3978.0,3937092
2022-01-11,3426.95068359375,3915.89990234375,3925.0,3856.0,3856.0,1906106
2022-01-12,3377.943115234375,3859.89990234375,3929.0,3836.550048828125,3925.0,3203744
2022-01-13,3411.197998046875,3897.89990234375,3923.0,3857.0,3918.0,6684507
2022-01-14,3472.677001953125,3968.14990234375,3977.0,3860.050048828125,3877.85009765625,3348123
2022-01-17,3517.30908203125,4019.14990234375,4043.0,3962.300048828125,3992.699951171875,3442604
2022-01-18,3492.32373046875,3990.60009765625,4041.699951171875,3980.0,4033.949951171875,2389041
2022-01-19,3431.876708984375,3914.64990234375,4012.0,3910.5,4012.0,3102539
2022-01-20,3354.64208984375,3826.550048828125,3920.0,3811.0,3910.0,6176776
2022-01-21,3360.734375,3833.5,3851.550048828125,3771.10009765625,3807.0,3112358
2022-01-24,3306.24951171875,3771.35009765625,3849.64990234375,3740.10009765625,3840.0,3258414
2022-01-25,3304.97802734375,3769.89990234375,3809.39990234375,3722.199951171875,3769.5,3330501
2022-01-27,3199.20703125,3649.25,3733.39990234375,3625.10009765625,3731.0,5718297
2022-01-28,3234.975830078125,3690.050048828125,3729.800048828125,3646.0,3646.0,3143862
2022-01-31,3275.47802734375,3736.25,3758.0,3721.39990234375,3749.0,2739393
2022-02-01,3331.93603515625,3800.64990234375,3808.0,3736.39990234375,3770.0,2105169
2022-02-02,3380.63525390625,3856.199951171875,3864.0,3800.64990234375,3827.89990234375,1984212
2022-02-03,3352.9326171875,3824.60009765625,3882.5,3816.050048828125,3851.0,1960538
2022-02-04,3344.427978515625,3814.89990234375,3824.699951171875,3769.0,3815.300048828125,2307366
2022-02-07,3312.955810546875,3779.0,3831.800048828125,3756.14990234375,3791.0,1919149
2022-02-08,3281.7900390625,3743.449951171875,3799.699951171875,3721.0,3791.550048828125,2946443
2022-02-09,3296.781005859375,3760.550048828125,3777.949951171875,3746.10009765625,3750.0,1638721
2022-02-10,3305.372802734375,3770.35009765625,3789.800048828125,3758.0,3789.800048828125,2112459
2022-02-11,3239.271240234375,3694.949951171875,3752.5,3690.0,3752.5,3851488
2022-02-14,3273.2861328125,3733.75,3793.25,3710.0,3724.0,5951745
2022-02-15,3346.970703125,3817.800048828125,3835.0,3748.0,3786.0,3931683
2022-02-16,3342.85009765625,3813.10009765625,3854.10009765625,3806.0,3844.0,3256906
2022-02-17,3317.51416015625,3784.199951171875,3835.0,3779.0,3825.0,3134372
2022-02-18,3326.01806640625,3793.89990234375,3815.949951171875,3757.60009765625,3769.0,3688883
2022-02-21,3260.70556640625,3719.39990234375,3827.800048828125,3705.550048828125,3810.0,7465922
2022-02-22,3144.10791015625,3586.39990234375,3667.89990234375,3570.0,3650.0,5408531
2022-02-23,3124.29541015625,3563.800048828125,3622.89990234375,3555.64990234375,3611.0,2426203
2022-02-24,2982.14208984375,3401.64990234375,3483.85009765625,3391.10009765625,3474.0,5039136
2022-02-25,3086.554931640625,3520.75,3530.0,3462.0,3468.0,2549723
2022-02-28,3115.879150390625,3554.199951171875,3563.75,3455.89990234375,3490.0,3288942
2022-03-02,3108.822021484375,3546.14990234375,3571.949951171875,3506.0,3552.5,2761341
2022-03-03,3107.287841796875,3544.39990234375,3578.60009765625,3530.10009765625,3562.85009765625,1928039
2022-03-04,3089.710205078125,3524.35009765625,3561.199951171875,3487.050048828125,3501.5,2370257
2022-03-07,3055.125244140625,3484.89990234375,3548.0,3431.550048828125,3450.0,3054130
2022-03-08,3155.9873046875,3599.949951171875,3609.0,3460.0,3460.0,3300992
2022-03-09,3184.61083984375,3632.60009765625,3654.0,3597.050048828125,3605.0,2719654
2022-03-10,3174.39697265625,3620.949951171875,3684.0,3615.0,3684.0,2005441
2022-03-11,3155.2861328125,3599.14990234375,3639.85009765625,3592.85009765625,3603.25,1623423
2022-03-14,3193.728271484375,3643.0,3648.35009765625,3580.0,3580.0,1765688
2022-03-15,3150.683349609375,3593.89990234375,3659.0,3585.39990234375,3659.0,3651133
2022-03-16,3205.037353515625,3655.89990234375,3668.0,3616.25,3640.5,3090475
2022-03-17,3219.809326171875,3672.75,3710.0,3660.300048828125,3696.60009765625,3600452
2022-03-21,3179.43798828125,3626.699951171875,3713.949951171875,3615.0,3696.0,2413831
2022-03-22,3244.531494140625,3700.949951171875,3711.0,3625.0,3640.0,2907611
2022-03-23,3254.5693359375,3712.39990234375,3729.800048828125,3690.0,3708.0,1596195
2022-03-24,3287.40087890625,3749.85009765625,3758.199951171875,3695.0,3700.0,1879046
2022-03-25,3250.229736328125,3707.449951171875,3779.5,3672.0,3759.89990234375,1690133
2022-03-28,3250.448974609375,3707.699951171875,3713.0,3661.199951171875,3695.0,1760990
2022-03-29,3248.388427734375,3705.35009765625,3722.0,3691.0,3694.75,2689063
2022-03-30,3271.35791015625,3731.550048828125,3738.0,3706.199951171875,3738.0,1583455
2022-03-31,3278.721435546875,3739.949951171875,3754.64990234375,3720.199951171875,3740.0,2168110
2022-04-01,3295.20361328125,3758.75,3763.0,3728.050048828125,3748.0,1387014
2022-04-04,3305.372802734375,3770.35009765625,3780.0,3737.10009765625,3762.0,1472994
2022-04-05,3344.3408203125,3814.800048828125,3835.60009765625,3772.0,3772.0,2314947
2022-04-06,3292.22265625,3755.35009765625,3809.300048828125,3731.14990234375,3809.300048828125,2051729
2022-04-07,3229.802978515625,3684.14990234375,3745.5,3679.0,3745.5,2494829
2022-04-08,3231.1181640625,3685.64990234375,3705.0,3642.5,3690.0,2296773
2022-04-11,3240.54248046875,3696.39990234375,3712.35009765625,3656.10009765625,3690.0,2291660
2022-04-12,3235.896484375,3691.10009765625,3739.0,3648.35009765625,3683.0,4483476
2022-04-13,3210.341064453125,3661.949951171875,3709.85009765625,3655.550048828125,3707.0,1621672
2022-04-18,3092.954345703125,3528.050048828125,3610.0,3522.5,3610.0,3820792
2022-04-19,3043.728515625,3471.89990234375,3563.550048828125,3439.14990234375,3550.0,3170014
2022-04-20,3118.158203125,3556.800048828125,3569.14990234375,3480.0,3500.0,2640370
2022-04-21,3181.148193359375,3628.64990234375,3644.0,3567.39990234375,3580.0,2280996
2022-04-22,3167.033447265625,3612.550048828125,3617.0,3571.5,3581.10009765625,1581465
2022-04-25,3110.619140625,3548.199951171875,3584.0,3533.10009765625,3558.0,1960694
2022-04-26,3108.953369140625,3546.300048828125,3587.89990234375,3518.14990234375,3575.14990234375,1943469
2022-04-27,3122.015869140625,3561.199951171875,3568.449951171875,3506.300048828125,3546.0,1727648
2022-04-28,3142.26708984375,3584.300048828125,3604.39990234375,3538.050048828125,3588.0,1703660
2022-04-29,3109.3037109375,3546.699951171875,3623.25,3536.85009765625,3597.0,2051115
2022-05-02,3105.53466796875,3542.39990234375,3547.949951171875,3492.75,3519.89990234375,1324161
2022-05-04,3050.61083984375,3479.75,3545.449951171875,3465.300048828125,3538.5,2305825
2022-05-05,3080.11083984375,3513.39990234375,3533.0,3485.35009765625,3512.10009765625,1612262
2022-05-06,3009.275634765625,3432.60009765625,3474.5,3424.5,3459.0,2010812
2022-05-09,3020.233642578125,3445.10009765625,3456.0,3346.85009765625,3398.0,2481830
2022-05-10,3014.6669921875,3438.75,3464.800048828125,3422.0,3434.0,1622685
2022-05-11,2991.2158203125,3412.0,3448.449951171875,3382.14990234375,3435.0,1841769
2022-05-12,2988.279296875,3408.64990234375,3449.699951171875,3350.10009765625,3378.0,2807195
2022-05-13,2993.758056640625,3414.89990234375,3439.89990234375,3382.14990234375,3435.0,2187823
2022-05-16,2960.357177734375,3376.800048828125,3430.0,3366.60009765625,3415.0,1195813
2022-05-17,3025.932373046875,3451.60009765625,3467.0,3350.39990234375,3370.0,1754076
2022-05-18,3023.4775390625,3448.800048828125,3495.0,3443.050048828125,3465.0,1866781
2022-05-19,2859.67138671875,3261.949951171875,3405.0,3230.0,3397.0,4642963
2022-05-20,2886.89208984375,3293.0,3313.89990234375,3270.050048828125,3310.0,3065125
2022-05-23,2912.09619140625,3321.75,3338.89990234375,3267.0,3304.800048828125,2293690
2022-05-24,2882.508056640625,3288.0,3324.85009765625,3275.60009765625,3315.14990234375,1711510
2022-05-25,2795.7060546875,3167.64990234375,3292.85009765625,3154.050048828125,3292.85009765625,3548046
2022-05-26,2848.04345703125,3226.949951171875,3241.5,3180.550048828125,3191.0,2813186
2022-05-27,2878.35986328125,3261.300048828125,3278.89990234375,3229.199951171875,3253.199951171875,3103153
2022-05-30,2978.930908203125,3375.25,3386.60009765625,3286.35009765625,3297.0,2094624
2022-05-31,2969.31005859375,3364.35009765625,3383.39990234375,3325.0,3354.14990234375,4840965
2022-06-01,2961.234619140625,3355.199951171875,3388.0,3340.050048828125,3388.0,1493835
2022-06-02,3021.07373046875,3423.0,3432.0,3346.300048828125,3355.0,2657939
2022-06-03,3036.209716796875,3440.14990234375,3477.300048828125,3431.199951171875,3459.39990234375,1913622
2022-06-06,3028.08984375,3430.949951171875,3453.0,3377.14990234375,3418.0,1084210
2022-06-07,2967.853759765625,3362.699951171875,3418.85009765625,3356.0,3401.050048828125,2308256
2022-06-08,3004.436767578125,3404.14990234375,3413.949951171875,3346.5,3380.14990234375,2185707
2022-06-09,3024.6923828125,3427.10009765625,3437.0,3353.10009765625,3385.0,1279197
2022-06-10,2965.382568359375,3359.89990234375,3393.0,3352.0,3382.0,1527582
2022-06-13,2841.556640625,3219.60009765625,3293.0,3192.449951171875,3290.0,3030921
2022-06-14,2833.5693359375,3210.550048828125,3238.89990234375,3174.699951171875,3190.0,2611493
2022-06-15,2829.818359375,3206.300048828125,3234.0,3201.0,3218.5,1404536
2022-06-16,2773.06884765625,3142.0,3244.85009765625,3133.050048828125,3240.0,2032028
2022-06-17,2726.203369140625,3088.89990234375,3118.75,3023.85009765625,3092.0,5240434
2022-06-20,2746.943603515625,3112.39990234375,3138.75,3069.0,3094.0,1502769
2022-06-21,2834.804443359375,3211.949951171875,3237.75,3125.39990234375,3130.0,2964461
2022-06-22,2844.51318359375,3222.949951171875,3250.550048828125,3183.0,3199.89990234375,3336315
2022-06-23,2920.282958984375,3308.800048828125,3318.0,3222.949951171875,3222.949951171875,3692578
2022-06-24,2906.426513671875,3293.10009765625,3345.0,3277.5,3339.0,2132118
2022-06-27,2925.489990234375,3314.699951171875,3362.89990234375,3306.5,3350.0,2037686
2022-06-28,2928.534912109375,3318.14990234375,3330.0,3272.60009765625,3307.0,1400046
2022-06-29,2904.13134765625,3290.5,3333.0,3271.0,3271.0,2133994
2022-06-30,2883.479248046875,3267.10009765625,3310.89990234375,3255.0,3272.0,2719603
2022-07-01,2925.842529296875,3315.10009765625,3333.0,3252.050048828125,3260.0,1502879
2022-07-04,2855.1923828125,3235.050048828125,3317.949951171875,3225.050048828125,3312.0,2622535
2022-07-05,2838.64404296875,3216.300048828125,3272.0,3206.949951171875,3255.0,2170627
2022-07-06,2877.874755859375,3260.75,3268.5,3202.25,3218.5,2182144
2022-07-07,2901.79248046875,3287.85009765625,3319.39990234375,3265.050048828125,3271.0,1989921
2022-07-08,2882.02294921875,3265.449951171875,3305.0,3250.0,3300.0,2136916
2022-07-11,2748.179443359375,3113.800048828125,3225.0,3106.0,3206.14990234375,6974600
2022-07-12,2722.496337890625,3084.699951171875,3136.199951171875,3080.25,3114.89990234375,3734815
2022-07-13,2681.94189453125,3038.75,3110.0,3035.0,3104.0,3863530
2022-07-14,2653.62451171875,2998.75,3057.0,2967.0,3056.0,4764908
2022-07-15,2649.952392578125,2994.60009765625,3028.89990234375,2953.0,3018.550048828125,4574806
2022-07-18,2710.922607421875,3063.5,3076.949951171875,3014.300048828125,3023.0,3202795
2022-07-19,2720.435302734375,3074.25,3078.949951171875,3030.050048828125,3030.050048828125,1865074
2022-07-20,2800.564208984375,3164.800048828125,3171.949951171875,3098.050048828125,3107.800048828125,3402251
2022-07-21,2811.62548828125,3177.300048828125,3184.0,3144.050048828125,3167.0,2420640
2022-07-22,2806.050537109375,3171.0,3197.0,3143.5,3185.0,2075886
2022-07-25,2802.289794921875,3166.75,3186.449951171875,3149.10009765625,3165.0,1797504
2022-07-26,2757.2919921875,3115.89990234375,3168.89990234375,3096.5,3164.699951171875,2639367
2022-07-27,2821.84619140625,3188.85009765625,3194.10009765625,3110.0,3115.0,1389808
2022-07-28,2885.24951171875,3260.5,3264.0,3201.64990234375,3216.0,2106333
2022-07-29,2921.885498046875,3301.89990234375,3317.300048828125,3275.0,3290.0,2430257
2022-08-01,2919.14208984375,3298.800048828125,3327.0,3271.0,3327.0,1306913
2022-08-02,2912.94775390625,3291.800048828125,3312.89990234375,3271.64990234375,3290.0,1269114
2022-08-03,2955.15771484375,3339.5,3349.0,3277.050048828125,3280.0,2895824
2022-08-04,2968.829833984375,3354.949951171875,3387.89990234375,3307.35009765625,3350.0,2150567
2022-08-05,2977.76708984375,3365.050048828125,3377.0,3355.0,3361.199951171875,1106933
2022-08-08,2986.08544921875,3374.449951171875,3378.89990234375,3336.0,3365.0,1068836
2022-08-10,2968.210205078125,3354.25,3385.0,3335.0,3385.0,1878359
2022-08-11,3028.605224609375,3422.5,3428.699951171875,3375.050048828125,3400.0,1449248
2022-08-12,3010.06689453125,3401.550048828125,3419.0,3381.25,3419.0,1472354
2022-08-16,3002.2353515625,3392.699951171875,3414.85009765625,3387.5,3411.0,839942
2022-08-17,3009.66845703125,3401.10009765625,3417.949951171875,3371.10009765625,3385.10009765625,1622326
2022-08-18,2992.102783203125,3381.25,3392.0,3362.0,3390.0,1430659
2022-08-19,2996.085205078125,3385.75,3421.5,3371.25,3387.0,1398410
2022-08-22,2968.47607421875,3354.550048828125,3384.10009765625,3347.39990234375,3365.0,1536532
2022-08-23,2906.576171875,3284.60009765625,3341.89990234375,3270.0,3319.949951171875,1849256
2022-08-24,2880.693115234375,3255.35009765625,3308.0,3250.199951171875,3292.0,1691923
2022-08-25,2847.818603515625,3218.199951171875,3278.14990234375,3214.75,3276.0,1946930
2022-08-26,2851.357421875,3222.199951171875,3257.0,3216.800048828125,3234.300048828125,1457962
2022-08-29,2772.025634765625,3132.550048828125,3142.699951171875,3081.0,3125.0,2539173
2022-08-30,2841.57958984375,3211.14990234375,3226.5,3142.10009765625,3155.0,3431525
2022-09-01,2771.273193359375,3131.699951171875,3190.0,3121.0,3190.0,3546935
2022-09-02,2770.12255859375,3130.39990234375,3163.0,3120.300048828125,3163.0,2052900
2022-09-05,2772.777587890625,3133.39990234375,3147.949951171875,3112.25,3123.64990234375,2147912
2022-09-06,2767.15869140625,3127.050048828125,3140.85009765625,3106.35009765625,3135.5,1936453
2022-09-07,2787.11376953125,3149.60009765625,3161.89990234375,3102.0,3102.0,1291534
2022-09-08,2804.85595703125,3169.64990234375,3183.5,3160.10009765625,3170.0,1346113
2022-09-09,2847.33154296875,3217.64990234375,3233.5,3168.5,3195.0,1561185
2022-09-12,2869.719970703125,3242.949951171875,3269.800048828125,3225.0,3239.89990234375,1785928
2022-09-13,2857.68505859375,3229.35009765625,3263.449951171875,3225.0,3263.449951171875,1972678
2022-09-14,2761.273681640625,3120.39990234375,3141.39990234375,3113.800048828125,3135.0,5090269
2022-09-15,2747.0712890625,3104.35009765625,3137.75,3100.0,3130.0,2138023
2022-09-16,2662.4296875,3008.699951171875,3094.35009765625,3000.0,3076.0,5322221
2022-09-19,2680.216552734375,3028.800048828125,3042.0,2987.800048828125,3036.0,2072220
2022-09-20,2690.39306640625,3040.300048828125,3079.949951171875,3030.0,3050.0,1544295
2022-09-21,2655.79248046875,3001.199951171875,3041.39990234375,2998.14990234375,3028.0,2253818
2022-09-22,2661.279296875,3007.39990234375,3029.949951171875,2979.300048828125,2990.0,2017983
2022-09-23,2638.8466796875,2982.050048828125,3022.5,2979.0,3004.0,2652374
2022-09-26,2649.775390625,2994.39990234375,3025.85009765625,2926.10009765625,2959.85009765625,2925489
2022-09-27,2670.172607421875,3017.449951171875,3025.0,2976.0,3009.39990234375,2227447
2022-09-28,2686.27783203125,3035.64990234375,3049.949951171875,2980.0,2980.0,2739767
2022-09-29,2652.341796875,2997.300048828125,3055.85009765625,2990.0,3054.0,2493902
2022-09-30,2658.75732421875,3004.550048828125,3019.699951171875,2950.10009765625,2990.85009765625,2817353
2022-10-03,2641.412841796875,2984.949951171875,3020.699951171875,2974.0,2995.0,1763331
2022-10-04,2735.39013671875,3091.14990234375,3098.0,3023.0,3029.949951171875,2145875
2022-10-06,2744.94775390625,3101.949951171875,3124.0,3092.449951171875,3111.0,1790816
2022-10-07,2712.162109375,3064.89990234375,3105.0,3058.10009765625,3097.39990234375,1939879
2022-10-10,2759.637451171875,3118.550048828125,3127.0,3005.0,3010.0,3064063
2022-10-11,2716.276123046875,3069.550048828125,3145.0,3053.35009765625,3100.0,4730645
2022-10-12,2743.8857421875,3100.75,3109.89990234375,3062.050048828125,3084.89990234375,1665247
2022-10-13,2746.14208984375,3103.300048828125,3110.0,3052.35009765625,3100.75,2054781
2022-10-14,2742.4697265625,3099.14990234375,3150.0,3071.0,3145.0,2245977
2022-10-17,2760.74560546875,3111.75,3128.39990234375,3071.449951171875,3072.64990234375,1517005
2022-10-18,2789.9794921875,3144.699951171875,3155.35009765625,3128.550048828125,3150.0,1793722
2022-10-19,2769.70654296875,3121.85009765625,3159.0,3112.0,3159.0,1194289
2022-10-20,2801.158203125,3157.300048828125,3160.0,3105.0,3105.0,1587601
2022-10-21,2783.5029296875,3137.39990234375,3160.39990234375,3127.0,3157.800048828125,1021913
2022-10-24,2805.06201171875,3161.699951171875,3178.0,3155.0,3170.10009765625,260949
2022-10-25,2805.41650390625,3162.10009765625,3184.25,3151.14990234375,3180.5,2069643
2022-10-27,2801.246337890625,3157.39990234375,3174.0,3134.35009765625,3160.699951171875,2438421
2022-10-28,2806.43701171875,3163.25,3178.5,3145.0,3150.0,1355739
2022-10-31,2832.9638671875,3193.14990234375,3199.0,3177.800048828125,3199.0,1919414
2022-11-01,2892.00732421875,3259.699951171875,3262.60009765625,3203.449951171875,3214.5,2991060
2022-11-02,2876.0380859375,3241.699951171875,3270.0,3222.050048828125,3270.0,1405955
2022-11-03,2845.0302734375,3206.75,3228.050048828125,3195.0,3228.050048828125,1422652
2022-11-04,2854.478759765625,3217.39990234375,3220.050048828125,3166.14990234375,3217.0,1464013
2022-11-07,2868.9404296875,3233.699951171875,3242.800048828125,3195.10009765625,3229.0,1474498
2022-11-09,2853.281005859375,3216.050048828125,3249.800048828125,3201.64990234375,3249.800048828125,1162267
2022-11-10,2844.054443359375,3205.64990234375,3225.0,3170.0,3170.0,1573092
2022-11-11,2941.912841796875,3315.949951171875,3341.60009765625,3255.050048828125,3269.60009765625,3265394
2022-11-14,2959.257568359375,3335.5,3349.0,3309.0,3324.0,1342074
2022-11-15,2956.684326171875,3332.60009765625,3339.949951171875,3292.0,3321.0,1400708
2022-11-16,2976.8681640625,3355.35009765625,3367.89990234375,3321.449951171875,3338.89990234375,1748235
2022-11-17,2971.234130859375,3349.0,3360.0,3317.75,3340.0,1417986
2022-11-18,2966.310302734375,3343.449951171875,3362.75,3321.0,3350.0,1164540
2022-11-21,2913.123046875,3283.5,3333.699951171875,3273.0,3322.5,1304194
2022-11-22,2941.025390625,3314.949951171875,3318.949951171875,3255.25,3280.0,1149739
2022-11-23,2935.125732421875,3308.300048828125,3330.0,3291.0,3330.0,1150011
2022-11-24,2998.87060546875,3380.14990234375,3392.949951171875,3308.300048828125,3316.25,1296591
2022-11-25,3007.298583984375,3389.64990234375,3403.35009765625,3348.0,3383.0,1588981
2022-11-28,3012.267578125,3395.25,3417.0,3365.550048828125,3366.0,2195437
2022-11-29,3014.13037109375,3397.35009765625,3429.0,3383.0,3383.0,1576028
2022-11-30,3008.3193359375,3390.800048828125,3414.89990234375,3375.0,3383.0,3410702
2022-12-01,3083.59814453125,3475.64990234375,3480.0,3420.0,3425.0,2180856
2022-12-02,3051.2158203125,3439.14990234375,3468.89990234375,3413.0,3458.10009765625,2411749
2022-12-05,3039.459716796875,3425.89990234375,3439.14990234375,3407.0,3433.0,1475065
2022-12-06,3003.484130859375,3385.35009765625,3407.949951171875,3368.0,3400.050048828125,1166999
2022-12-07,2999.270263671875,3380.60009765625,3393.699951171875,3354.0,3368.300048828125,1167505
2022-12-08,2972.609619140625,3350.550048828125,3380.60009765625,3339.449951171875,3360.0,1285619
2022-12-09,2921.3291015625,3292.75,3374.10009765625,3276.35009765625,3374.10009765625,1797896
2022-12-12,2915.739990234375,3286.449951171875,3296.0,3236.10009765625,3255.5,1527610
2022-12-13,2956.24072265625,3332.10009765625,3336.449951171875,3267.800048828125,3277.199951171875,1378016
2022-12-14,2985.740234375,3365.35009765625,3377.0,3340.89990234375,3348.800048828125,1213311
2022-12-15,2932.286376953125,3305.10009765625,3364.75,3298.949951171875,3358.800048828125,1415694
2022-12-16,2874.751708984375,3240.25,3292.0,3225.199951171875,3275.0,2703680
2022-12-19,2840.8603515625,3202.050048828125,3245.5,3194.5,3227.0,2120965
2022-12-20,2878.033935546875,3243.949951171875,3249.0,3163.64990234375,3198.89990234375,1529971
2022-12-21,2899.859130859375,3268.550048828125,3283.050048828125,3240.0,3249.0,1432566
2022-12-22,2892.00732421875,3259.699951171875,3294.0,3245.10009765625,3294.0,1384101
2022-12-23,2864.19384765625,3228.35009765625,3266.85009765625,3217.0,3217.0,1360281
2022-12-26,2885.97412109375,3252.89990234375,3272.0,3225.050048828125,3228.35009765625,870157
2022-12-27,2891.829833984375,3259.5,3273.800048828125,3231.5,3269.199951171875,835883
2022-12-28,2889.701171875,3257.10009765625,3266.10009765625,3226.0,3249.800048828125,910795
2022-12-29,2900.03662109375,3268.75,3271.5,3228.0,3231.10009765625,1037927
2022-12-30,2889.345947265625,3256.699951171875,3299.0,3246.199951171875,3286.050048828125,1163131
2023-01-02,2893.559814453125,3261.449951171875,3266.85009765625,3235.199951171875,3261.0,709547
2023-01-03,2937.83154296875,3311.35009765625,3320.0,3245.300048828125,3252.0,1245178
2023-01-04,2940.759521484375,3314.64990234375,3327.35009765625,3286.199951171875,3306.699951171875,1231668
2023-01-05,2937.609619140625,3311.10009765625,3337.300048828125,3281.949951171875,3330.199951171875,1826057
2023-01-06,2849.2890625,3211.550048828125,3301.550048828125,3200.0,3300.0,2488376
2023-01-09,2945.4609375,3319.949951171875,3327.0,3221.14990234375,3229.0,2885060
2023-01-10,2915.6953125,3286.39990234375,3298.0,3230.10009765625,3285.0,3864655
2023-01-11,2953.223876953125,3328.699951171875,3349.5,3271.14990234375,3290.10009765625,2720512
2023-01-12,2958.23681640625,3334.35009765625,3350.0,3315.550048828125,3329.0,2250391
2023-01-13,2993.902587890625,3374.550048828125,3379.0,3305.0,3342.89990234375,1742837
2023-01-16,3025.20654296875,3334.050048828125,3353.0,3298.050048828125,3317.0,1843607
2023-01-17,3065.4482421875,3378.39990234375,3381.800048828125,3321.0,3330.0,1688475
2023-01-18,3075.97412109375,3390.0,3408.949951171875,3372.25,3380.0,2421189
2023-01-19,3060.63916015625,3373.10009765625,3387.0,3361.0,3380.0,1585044
2023-01-20,3051.565185546875,3363.10009765625,3394.64990234375,3355.60009765625,3365.0,1529349
2023-01-23,3098.567138671875,3414.89990234375,3419.0,3355.60009765625,3388.0,1067916
2023-01-24,3117.98486328125,3436.300048828125,3451.949951171875,3417.300048828125,3425.0,1387863
2023-01-25,3112.0419921875,3429.75,3435.0,3405.0,3425.300048828125,874110
2023-01-27,3095.07373046875,3411.050048828125,3446.0,3382.300048828125,3426.0,1785879
2023-01-30,3115.580078125,3433.64990234375,3458.449951171875,3385.550048828125,3420.0,1953798
2023-01-31,3047.572998046875,3358.699951171875,3449.0,3351.0,3449.0,2820375
2023-02-01,3092.62451171875,3408.35009765625,3419.0,3355.0,3363.0,2205161
2023-02-02,3139.8525390625,3460.39990234375,3469.0,3420.10009765625,3427.0,1813847
2023-02-03,3159.7236328125,3482.300048828125,3504.0,3452.89990234375,3504.0,1804469
2023-02-06,3139.4443359375,3459.949951171875,3473.14990234375,3436.85009765625,3473.14990234375,1138714
2023-02-07,3150.876953125,3472.550048828125,3493.0,3461.39990234375,3468.89990234375,1455647
2023-02-08,3194.022216796875,3520.10009765625,3539.89990234375,3478.050048828125,3478.050048828125,1986946
2023-02-09,3212.850341796875,3540.85009765625,3547.60009765625,3505.300048828125,3515.0,1655427
2023-02-10,3209.855712890625,3537.550048828125,3542.35009765625,3508.14990234375,3520.0,1187821
2023-02-13,3159.81396484375,3482.39990234375,3549.0,3473.39990234375,3549.0,1087939
2023-02-14,3175.874755859375,3500.10009765625,3524.85009765625,3495.0,3505.0,1579818
2023-02-15,3194.521240234375,3520.64990234375,3526.0,3460.14990234375,3487.0,1429449
2023-02-16,3228.45703125,3558.050048828125,3575.0,3527.0,3527.199951171875,1618931
2023-02-17,3176.82763671875,3501.14990234375,3538.89990234375,3490.0,3526.14990234375,1061369
2023-02-20,3164.2607421875,3487.300048828125,3522.0,3475.050048828125,3502.0,1296082
2023-02-21,3131.323486328125,3451.0,3508.89990234375,3444.75,3494.0,1139541
2023-02-22,3086.4541015625,3401.550048828125,3447.0,3395.0,3414.949951171875,1218430
2023-02-23,3097.569091796875,3413.800048828125,3452.39990234375,3408.0,3421.0,1441570
2023-02-24,3085.455322265625,3400.449951171875,3433.949951171875,3382.300048828125,3422.5,977592
2023-02-27,3023.21044921875,3331.85009765625,3390.0,3316.0,3390.0,1128022
2023-02-28,3005.970703125,3312.85009765625,3392.0,3299.89990234375,3328.5,4116217
2023-03-01,3072.07177734375,3385.699951171875,3389.0,3315.0,3323.0,1669307
2023-03-02,3013.773193359375,3321.449951171875,3369.89990234375,3318.0,3361.0,1556538
2023-03-03,3032.556396484375,3342.14990234375,3358.0,3331.10009765625,3354.0,1043190
2023-03-06,3059.5048828125,3371.85009765625,3404.949951171875,3359.0,3361.89990234375,1334132
2023-03-08,3076.336669921875,3390.39990234375,3396.0,3330.85009765625,3364.0,1844590
2023-03-09,3027.747314453125,3336.85009765625,3385.0,3330.85009765625,3385.0,1648500
2023-03-10,3022.439208984375,3331.0,3337.25,3290.0,3312.89990234375,1024404
2023-03-13,2977.9326171875,3281.949951171875,3369.800048828125,3272.0,3333.0,1901233
2023-03-14,2917.139404296875,3214.949951171875,3304.39990234375,3209.39990234375,3280.0,2670334
2023-03-15,2902.575439453125,3198.89990234375,3260.35009765625,3192.0,3250.0,1780522
2023-03-16,2889.963623046875,3185.0,3219.800048828125,3172.0,3208.0,1901060
2023-03-17,2884.7919921875,3179.300048828125,3221.39990234375,3144.0,3150.5,6739966
2023-03-20,2852.12646484375,3143.300048828125,3169.64990234375,3095.050048828125,3169.64990234375,2289468
2023-03-21,2818.3720703125,3106.10009765625,3156.75,3097.449951171875,3143.300048828125,1815297
2023-03-22,2840.7841796875,3130.800048828125,3143.5,3106.10009765625,3130.050048828125,1123939
2023-03-23,2835.20361328125,3124.64990234375,3146.35009765625,3101.0,3114.89990234375,1372218
2023-03-24,2831.43798828125,3120.5,3170.0,3106.0,3148.89990234375,1329577
2023-03-27,2833.07177734375,3122.300048828125,3152.75,3106.0,3135.0,1524217
2023-03-28,2827.264404296875,3115.89990234375,3149.550048828125,3110.14990234375,3127.0,1303530
2023-03-29,2848.134033203125,3138.89990234375,3150.0,3104.10009765625,3129.0,1740616
2023-03-31,2908.92724609375,3205.89990234375,3213.0,3152.0,3189.949951171875,2382581
2023-04-03,2903.57421875,3200.0,3224.949951171875,3173.75,3224.949951171875,1521830
2023-04-05,2939.68701171875,3239.800048828125,3264.35009765625,3185.5,3185.5,2655065
2023-04-06,2922.3564453125,3220.699951171875,3257.35009765625,3215.0,3225.0,1703464
2023-04-10,2961.10107421875,3263.39990234375,3272.0,3215.0,3220.0,2203187
2023-04-11,2916.095703125,3213.800048828125,3272.949951171875,3192.14990234375,3264.0,2348779
2023-04-12,2941.365478515625,3241.64990234375,3260.949951171875,3199.0,3227.949951171875,2417727
2023-04-13,2893.45703125,3188.85009765625,3230.0,3180.0,3210.0,4174070
2023-04-17,2848.678466796875,3139.5,3163.39990234375,3070.25,3134.10009765625,5505048
2023-04-18,2840.739013671875,3130.75,3156.85009765625,3110.60009765625,3154.949951171875,2617302
2023-04-19,2803.400634765625,3089.60009765625,3140.0,3071.5,3130.75,3298034
2023-04-20,2817.192626953125,3104.800048828125,3113.0,3078.0,3090.0,2419999
2023-04-21,2868.05078125,3160.85009765625,3164.449951171875,3100.800048828125,3110.0,1929184
2023-04-24,2880.708251953125,3174.800048828125,3180.949951171875,3126.14990234375,3151.10009765625,1640676
2023-04-25,2881.797607421875,3176.0,3191.199951171875,3147.5,3183.0,2024090
2023-04-26,2901.895263671875,3198.14990234375,3208.39990234375,3181.0,3181.0,2000029
2023-04-27,2892.64013671875,3187.949951171875,3199.199951171875,3170.64990234375,3185.0,2434446
2023-04-28,2921.040771484375,3219.25,3227.25,3196.25,3200.39990234375,2931312
2023-05-02,2921.1767578125,3219.39990234375,3235.0,3210.0,3235.0,2321159
2023-05-03,2885.3359375,3179.89990234375,3216.0,3173.14990234375,3216.0,2468285
2023-05-04,2922.3564453125,3220.699951171875,3224.449951171875,3178.0,3180.14990234375,1953253
2023-05-05,2931.43017578125,3230.699951171875,3244.0,3210.050048828125,3220.0,1710027
2023-05-08,2949.486572265625,3250.60009765625,3254.85009765625,3231.300048828125,3245.0,928235
2023-05-09,2979.11279296875,3283.25,3298.0,3246.0,3252.60009765625,1107375
2023-05-10,2982.333740234375,3286.800048828125,3306.5,3266.050048828125,3290.0,1559987
2023-05-11,2978.114501953125,3282.14990234375,3309.699951171875,3272.0,3309.0,1719623
2023-05-12,2970.9912109375,3274.300048828125,3290.0,3260.0,3279.14990234375,1027479
2023-05-15,2953.524658203125,3255.050048828125,3292.0,3248.35009765625,3284.0,1150390
2023-05-16,2956.33740234375,3258.14990234375,3285.0,3250.449951171875,3256.199951171875,986306
2023-05-17,2911.468017578125,3208.699951171875,3280.0,3198.25,3255.949951171875,1588815
2023-05-18,2903.437744140625,3199.85009765625,3228.949951171875,3195.0,3225.949951171875,1369364
2023-05-19,2924.307373046875,3222.85009765625,3234.5,3203.050048828125,3210.0,1152449
2023-05-22,2993.130859375,3298.699951171875,3308.449951171875,3217.050048828125,3230.0,1333243
2023-05-23,2991.6337890625,3297.050048828125,3327.949951171875,3290.10009765625,3306.0,1687418
2023-05-24,2997.3505859375,3303.35009765625,3317.199951171875,3276.0,3276.0,1016555
2023-05-25,2988.4130859375,3293.5,3306.0,3267.10009765625,3294.0,1374917
2023-05-26,3020.533203125,3328.89990234375,3338.64990234375,3291.0,3293.5,1791115
2023-05-29,3012.775634765625,3320.35009765625,3372.0,3312.0,3360.800048828125,1210372
2023-05-30,3009.010009765625,3316.199951171875,3326.949951171875,3301.35009765625,3315.0,1344224
2023-05-31,2984.783203125,3289.5,3327.699951171875,3265.14990234375,3309.0,5815424
2023-06-01,3016.087158203125,3324.0,3340.0,3297.5,3314.0,1177314
2023-06-02,2999.391845703125,3305.60009765625,3335.89990234375,3297.449951171875,3326.25,2030661
2023-06-05,2984.239013671875,3288.89990234375,3327.0,3285.050048828125,3315.0,1861468
2023-06-06,2932.881591796875,3232.300048828125,3288.85009765625,3220.60009765625,3280.0,2022849
2023-06-07,2971.53564453125,3274.89990234375,3278.85009765625,3241.0,3253.0,1567196
2023-06-08,2936.647705078125,3236.449951171875,3270.0,3233.0,3261.0,1759366
2023-06-09,2912.012451171875,3209.300048828125,3250.0,3205.35009765625,3245.0,1775689
2023-06-12,2946.129638671875,3246.89990234375,3254.39990234375,3211.0,3215.0,2324605
2023-06-13,2943.225830078125,3243.699951171875,3265.0,3239.0,3260.0,1371928
2023-06-14,2949.894775390625,3251.050048828125,3255.85009765625,3225.85009765625,3243.699951171875,1658544
2023-06-15,2940.068359375,3216.300048828125,3247.449951171875,3210.0,3245.300048828125,2273810
2023-06-16,2902.2236328125,3174.89990234375,3199.39990234375,3156.0,3197.0,4156189
2023-06-19,2934.6748046875,3210.39990234375,3214.89990234375,3175.0,3190.0,1468186
2023-06-20,2950.4892578125,3227.699951171875,3232.5,3201.050048828125,3214.0,1528452
2023-06-21,2978.36962890625,3258.199951171875,3261.39990234375,3223.949951171875,3250.0,1645987
2023-06-22,2960.361572265625,3238.5,3267.64990234375,3230.10009765625,3260.0,1529603
2023-06-23,2940.1142578125,3216.35009765625,3249.39990234375,3209.14990234375,3237.300048828125,1119505
2023-06-26,2915.707275390625,3189.64990234375,3213.89990234375,3173.0,3205.0,1978803
2023-06-27,2922.74609375,3197.35009765625,3209.64990234375,3182.300048828125,3202.0,863542
2023-06-28,2939.291259765625,3215.449951171875,3230.949951171875,3193.39990234375,3208.0,1575872
2023-06-30,3018.636474609375,3302.25,3310.0,3214.10009765625,3220.0,2672406
2023-07-03,2991.25830078125,3272.300048828125,3318.800048828125,3268.75,3314.300048828125,1687264
2023-07-04,3024.669677734375,3308.85009765625,3315.0,3277.300048828125,3290.0,1656681
2023-07-05,3034.81689453125,3319.949951171875,3329.0,3305.0,3320.0,1453008
2023-07-06,3037.512939453125,3322.89990234375,3328.449951171875,3302.0,3306.550048828125,1848238
2023-07-07,3043.31787109375,3329.25,3356.89990234375,3302.0,3302.0,1789326
2023-07-10,2990.93896484375,3271.949951171875,3324.75,3265.199951171875,3324.75,1407431
2023-07-11,2991.349853515625,3272.39990234375,3295.0,3260.800048828125,3295.0,1110172
2023-07-12,2979.923828125,3259.89990234375,3289.14990234375,3250.10009765625,3280.949951171875,1515240
2023-07-13,3053.6474609375,3340.550048828125,3367.449951171875,3272.75,3284.0,4585146
2023-07-14,3212.79443359375,3514.64990234375,3524.85009765625,3352.0,3365.0,6306101
2023-07-17,3191.815185546875,3491.699951171875,3549.89990234375,3477.050048828125,3510.0,2743228
2023-07-18,3196.523193359375,3496.85009765625,3524.0,3465.0,3476.0,2600090
2023-07-19,3172.02490234375,3470.050048828125,3516.85009765625,3445.64990234375,3500.0,2405370
2023-07-20,3174.087646484375,3463.300048828125,3478.89990234375,3436.050048828125,3453.10009765625,1715404
2023-07-21,3087.0205078125,3368.300048828125,3434.89990234375,3359.050048828125,3404.050048828125,3770223
2023-07-24,3111.261474609375,3394.75,3413.449951171875,3372.10009765625,3381.0,1680132
2023-07-25,3115.29443359375,3399.14990234375,3406.800048828125,3380.199951171875,3397.5,1272980
2023-07-26,3105.3505859375,3388.300048828125,3420.85009765625,3385.0,3400.35009765625,1066803
2023-07-27,3113.232177734375,3396.89990234375,3411.64990234375,3385.050048828125,3394.949951171875,1701769
2023-07-28,3075.197509765625,3355.39990234375,3393.699951171875,3331.0,3385.0,2599831
2023-07-31,3135.731689453125,3421.449951171875,3426.64990234375,3360.89990234375,3364.39990234375,2743678
2023-08-01,3163.776611328125,3452.050048828125,3460.0,3415.0,3415.0,1956167
2023-08-02,3153.3291015625,3440.64990234375,3446.39990234375,3413.60009765625,3434.949951171875,1914899
2023-08-03,3116.02734375,3399.949951171875,3433.25,3368.0,3420.0,2026351
2023-08-04,3155.98681640625,3443.550048828125,3471.0,3401.25,3401.25,2248493
2023-08-07,3193.104248046875,3484.050048828125,3488.0,3441.25,3453.949951171875,1853889
2023-08-08,3180.77734375,3470.60009765625,3489.949951171875,3456.60009765625,3484.050048828125,1634225
2023-08-09,3173.3544921875,3462.5,3467.0,3425.050048828125,3464.89990234375,1794589
2023-08-10,3154.657470703125,3442.10009765625,3464.89990234375,3430.050048828125,3450.0,1096701
2023-08-11,3160.798095703125,3448.800048828125,3466.64990234375,3414.0,3438.10009765625,1679974
2023-08-14,3161.760498046875,3449.85009765625,3455.0,3411.0,3440.699951171875,1190425
2023-08-16,3169.596435546875,3458.39990234375,3466.0,3435.199951171875,3450.0,1328445
2023-08-17,3148.837890625,3435.75,3460.800048828125,3413.199951171875,3455.0,1843241
2023-08-18,3085.9208984375,3367.10009765625,3410.0,3356.5,3410.0,2526749
2023-08-21,3117.58544921875,3401.64990234375,3409.75,3372.0,3375.0,1375579
2023-08-22,3099.713623046875,3382.14990234375,3411.0,3365.050048828125,3400.0,1222012
2023-08-23,3114.469482421875,3398.25,3402.0,3376.0,3388.0,1330046
2023-08-24,3104.846435546875,3387.75,3413.050048828125,3378.10009765625,3408.0,1152881
2023-08-25,3098.93505859375,3381.300048828125,3385.800048828125,3350.25,3375.0,1158046
2023-08-28,3093.6650390625,3375.550048828125,3394.0,3360.10009765625,3394.0,1037485
2023-08-29,3094.21484375,3376.14990234375,3389.550048828125,3365.0,3381.050048828125,944517
2023-08-30,3107.779052734375,3390.949951171875,3408.10009765625,3383.050048828125,3398.0,1188200
2023-08-31,3076.48095703125,3356.800048828125,3417.39990234375,3343.64990234375,3401.0,3417652
2023-09-01,3097.01025390625,3379.199951171875,3389.0,3356.800048828125,3366.0,1277950
2023-09-04,3133.02880859375,3418.5,3432.85009765625,3370.050048828125,3378.0,1828332
2023-09-05,3142.97216796875,3429.35009765625,3447.0,3405.14990234375,3420.0,1501842
2023-09-06,3143.476318359375,3429.89990234375,3443.89990234375,3398.10009765625,3434.0,1314818
2023-09-07,3166.709716796875,3455.25,3460.0,3422.300048828125,3430.800048828125,1885092
2023-09-08,3154.47412109375,3441.89990234375,3465.0,3435.050048828125,3455.25,1518917
2023-09-11,3189.988037109375,3480.64990234375,3485.699951171875,3445.0,3462.0,1783604
2023-09-12,3281.774658203125,3580.800048828125,3589.89990234375,3483.0,3492.0,4476016
2023-09-13,3269.906494140625,3567.85009765625,3588.85009765625,3545.0,3571.10009765625,1754929
2023-09-14,3262.7578125,3560.050048828125,3597.699951171875,3545.60009765625,3570.050048828125,2604721
2023-09-15,3297.8134765625,3598.300048828125,3607.35009765625,3562.449951171875,3567.85009765625,2952897
2023-09-18,3305.00830078125,3606.14990234375,3619.300048828125,3575.25,3580.050048828125,1395753
2023-09-20,3304.91650390625,3606.050048828125,3625.0,3580.0,3580.0,1649396
2023-09-21,3285.89892578125,3585.300048828125,3605.0,3528.0,3588.550048828125,2004073
2023-09-22,3302.716552734375,3603.64990234375,3633.75,3565.050048828125,3584.0,1989083
2023-09-25,3278.429443359375,3577.14990234375,3620.0,3558.64990234375,3602.5,1238778
2023-09-26,3286.265869140625,3585.699951171875,3594.949951171875,3536.0,3567.60009765625,1726062
2023-09-27,3289.5654296875,3589.300048828125,3614.0,3555.699951171875,3590.0,1541134
2023-09-28,3241.40380859375,3536.75,3602.800048828125,3527.35009765625,3600.0,1755753
2023-09-29,3233.933837890625,3528.60009765625,3568.449951171875,3505.550048828125,3537.199951171875,2243791
2023-10-03,3220.415771484375,3513.85009765625,3534.199951171875,3480.10009765625,3534.199951171875,1948148
2023-10-04,3242.31982421875,3537.75,3548.0,3477.300048828125,3486.300048828125,1788138
2023-10-05,3289.61083984375,3589.35009765625,3624.0,3551.199951171875,3554.0,2990768
2023-10-06,3318.984375,3621.39990234375,3634.949951171875,3575.050048828125,3591.0,2075691
2023-10-09,3334.519287109375,3638.35009765625,3679.0,3631.0,3645.050048828125,4233074
2023-10-10,3325.857421875,3628.89990234375,3648.0,3601.35009765625,3640.050048828125,1848148
2023-10-11,3308.44482421875,3609.89990234375,3650.0,3605.0,3650.0,2426417
2023-10-12,3246.71923828125,3542.550048828125,3588.64990234375,3538.10009765625,3575.0,4241281
2023-10-13,3272.656005859375,3570.85009765625,3577.0,3525.0,3530.0,2890357
2023-10-16,3229.76416015625,3524.050048828125,3574.64990234375,3519.10009765625,3566.0,1671104
2023-10-17,3214.18359375,3507.050048828125,3534.14990234375,3503.35009765625,3530.0,1672065
2023-10-18,3196.037353515625,3487.25,3522.699951171875,3484.0,3511.0,1408245
2023-10-19,3175.270751953125,3455.64990234375,3476.85009765625,3451.89990234375,3469.5,1514545
2023-10-20,3211.0146484375,3494.550048828125,3499.5,3444.050048828125,3450.39990234375,1481211
2023-10-23,3133.462890625,3410.14990234375,3478.949951171875,3401.300048828125,3473.0,1106272
2023-10-25,3115.0390625,3390.10009765625,3425.0,3377.199951171875,3390.5,1518537
2023-10-26,3066.017822265625,3336.75,3373.699951171875,3330.0,3368.050048828125,1984471
2023-10-27,3079.065673828125,3350.949951171875,3362.0,3337.0,3350.0,1108851
2023-10-30,3104.4267578125,3378.550048828125,3382.85009765625,3333.75,3350.0,910972
2023-10-31,3095.421875,3368.75,3399.0,3350.050048828125,3399.0,999811
2023-11-01,3060.41259765625,3330.64990234375,3371.60009765625,3311.0,3355.0,1563475
2023-11-02,3087.47314453125,3360.10009765625,3375.949951171875,3343.199951171875,3343.199951171875,1245384
2023-11-03,3079.01953125,3350.89990234375,3387.89990234375,3344.300048828125,3382.0,1402598
2023-11-06,3105.98828125,3380.25,3392.300048828125,3359.0,3375.0,1099852
2023-11-07,3096.9833984375,3370.449951171875,3404.14990234375,3366.0,3378.0,1191144
2023-11-08,3107.1826171875,3381.550048828125,3401.949951171875,3369.550048828125,3371.449951171875,992899
2023-11-09,3075.849853515625,3347.449951171875,3391.5,3342.050048828125,3390.10009765625,2112352
2023-11-10,3062.985595703125,3333.449951171875,3347.449951171875,3322.35009765625,3338.0,1338557
2023-11-13,3061.239990234375,3331.550048828125,3356.0,3327.0,3356.0,1030990
2023-11-15,3128.087158203125,3404.300048828125,3413.0,3356.050048828125,3383.10009765625,2059802
2023-11-16,3214.047119140625,3497.85009765625,3529.35009765625,3414.199951171875,3430.050048828125,3951984
2023-11-17,3218.2734375,3502.449951171875,3524.5,3492.550048828125,3497.85009765625,2021292
2023-11-20,3234.03271484375,3519.60009765625,3533.89990234375,3491.25,3491.25,1475621
2023-11-21,3225.394775390625,3510.199951171875,3539.050048828125,3501.0,3519.60009765625,1807236
2023-11-22,3243.725830078125,3530.14990234375,3532.64990234375,3481.10009765625,3500.0,1798051
2023-11-23,3223.6025390625,3508.25,3544.0,3500.0,3530.0,2729804
2023-11-24,3176.60302734375,3457.10009765625,3504.550048828125,3453.0,3494.25,1989733
2023-11-28,3188.59423828125,3470.14990234375,3481.25,3433.0,3457.10009765625,1689195
2023-11-29,3228.656982421875,3513.75,3518.0,3475.800048828125,3481.0,1441634
2023-11-30,3204.62890625,3487.60009765625,3516.64990234375,3481.0,3499.449951171875,3266235
2023-12-01,3226.72705078125,3511.64990234375,3516.949951171875,3490.050048828125,3500.0,1172141
2023-12-04,3227.462158203125,3512.449951171875,3547.800048828125,3498.0,3544.64990234375,1625213
2023-12-05,3245.058349609375,3531.60009765625,3538.0,3502.800048828125,3538.0,1377656
2023-12-06,3311.67626953125,3604.10009765625,3612.85009765625,3525.14990234375,3532.60009765625,1896572
2023-12-07,3321.60009765625,3614.89990234375,3630.550048828125,3591.699951171875,3605.0,1967653
2023-12-08,3332.4423828125,3626.699951171875,3645.0,3602.050048828125,3633.0,1641155
2023-12-11,3347.328125,3642.89990234375,3653.0,3615.0,3622.89990234375,1102503
2023-12-12,3374.158935546875,3672.10009765625,3698.39990234375,3631.0,3638.949951171875,2236866
2023-12-13,3301.98193359375,3593.550048828125,3650.0,3563.0,3643.550048828125,3850968
2023-12-14,3369.70263671875,3667.25,3678.0,3627.60009765625,3630.0,3290396
2023-12-15,3547.732177734375,3861.0,3895.949951171875,3666.699951171875,3666.699951171875,8531230
2023-12-18,3546.078125,3859.199951171875,3929.0,3830.14990234375,3858.10009765625,2521612
2023-12-19,3506.56689453125,3816.199951171875,3855.10009765625,3790.0,3845.0,2004435
2023-12-20,3473.350341796875,3780.050048828125,3898.800048828125,3766.550048828125,3827.25,2586083
2023-12-21,3480.19580078125,3787.5,3806.699951171875,3743.35009765625,3756.25,1517562
2023-12-22,3513.734375,3824.0,3845.949951171875,3762.0,3800.0,2413058
2023-12-26,3487.592529296875,3795.550048828125,3834.0,3790.14990234375,3819.85009765625,1285231
2023-12-27,3501.97265625,3811.199951171875,3818.199951171875,3768.0,3799.0,1293976
2023-12-28,3491.589599609375,3799.89990234375,3838.0,3792.10009765625,3824.0,1682889
2023-12-29,3485.6171875,3793.39990234375,3822.60009765625,3765.39990234375,3792.0,1574996
2024-01-01,3501.880859375,3811.10009765625,3832.0,3773.0,3790.0,825907
2024-01-02,3476.244384765625,3783.199951171875,3811.10009765625,3767.25,3811.10009765625,1344068
2024-01-03,3392.214599609375,3691.75,3771.85009765625,3687.050048828125,3767.0,1803075
2024-01-04,3369.28857421875,3666.800048828125,3719.0,3651.0,3701.75,3598144
2024-01-05,3434.61962890625,3737.89990234375,3747.75,3674.85009765625,3675.0,1963127
2024-01-08,3379.855712890625,3678.300048828125,3739.75,3672.39990234375,3737.89990234375,1067805
2024-01-09,3390.5146484375,3689.89990234375,3752.35009765625,3682.75,3709.949951171875,1370944
2024-01-10,3411.7861328125,3713.050048828125,3729.25,3688.0,3690.0,1292227
2024-01-11,3432.460693359375,3735.550048828125,3773.0,3707.0,3724.0,1777909
2024-01-12,3567.76318359375,3882.800048828125,3905.25,3821.60009765625,3848.0,6813450
2024-01-15,3587.0595703125,3903.800048828125,3965.0,3885.0,3960.0,2801505
2024-01-16,3548.008056640625,3861.300048828125,3899.0,3855.550048828125,3899.0,1432672
2024-01-17,3569.417236328125,3884.60009765625,3909.949951171875,3812.550048828125,3819.0,3458696
2024-01-18,3585.956787109375,3902.60009765625,3908.800048828125,3862.0,3898.0,2239110
2024-01-19,3648.3662109375,3943.050048828125,3963.550048828125,3915.050048828125,3945.0,2941975
2024-01-23,3569.9033203125,3858.25,3933.89990234375,3842.75,3900.0,2618854
2024-01-24,3554.68310546875,3841.800048828125,3883.64990234375,3805.60009765625,3880.0,2657709
2024-01-25,3525.537353515625,3810.300048828125,3861.0,3778.699951171875,3839.89990234375,2205154
2024-01-29,3516.932373046875,3801.0,3820.0,3780.85009765625,3800.800048828125,1646747
2024-01-30,3516.515625,3800.550048828125,3847.800048828125,3787.0,3807.449951171875,1411621
2024-01-31,3530.764404296875,3815.949951171875,3834.0,3796.449951171875,3811.199951171875,2459358
2024-02-01,3566.10986328125,3854.14990234375,3904.89990234375,3805.050048828125,3820.0,2363107
2024-02-02,3669.878173828125,3966.300048828125,3984.39990234375,3872.0,3875.050048828125,2826510
2024-02-05,3676.355224609375,3973.300048828125,4022.0,3962.10009765625,3983.0,1691523
2024-02-06,3826.896240234375,4136.0,4149.89990234375,3990.0,3997.0,4474396
2024-02-07,3778.226806640625,4083.39990234375,4155.0,4073.949951171875,4153.0,2124267
2024-02-08,3825.13818359375,4134.10009765625,4158.0,4086.050048828125,4090.0,2345173
2024-02-09,3824.768310546875,4133.7001953125,4184.75,4100.0,4136.5498046875,2100596
2024-02-12,3812.739501953125,4120.7001953125,4159.60009765625,4105.5498046875,4130.0,1013716
2024-02-13,3839.386962890625,4149.5,4170.0,4081.5,4125.4501953125,1257415
2024-02-14,3793.67919921875,4100.10009765625,4114.89990234375,4049.5,4107.0,1391283
2024-02-15,3796.547119140625,4103.2001953125,4146.2998046875,4083.0,4128.0,1091582
2024-02-16,3819.771240234375,4128.2998046875,4147.9501953125,4100.10009765625,4113.25,1307556
2024-02-19,3797.10205078125,4103.7998046875,4128.2998046875,4055.0,4123.0498046875,772291
2024-02-20,3729.41943359375,4030.64990234375,4098.0,4010.0,4082.10009765625,1193648
2024-02-21,3693.1953125,3991.5,4063.35009765625,3980.60009765625,4013.0,1885939
2024-02-22,3781.65087890625,4087.10009765625,4094.949951171875,3971.0,3971.0,2982052
2024-02-23,3749.26611328125,4052.10009765625,4130.0,4046.39990234375,4130.0,2538072
2024-02-26,3702.031494140625,4001.050048828125,4050.0,3982.75,4036.0,1379284
2024-02-27,3797.657470703125,4104.39990234375,4124.0,3999.0,3999.0,2960475
2024-02-28,3811.12060546875,4118.9501953125,4154.89990234375,4089.0,4095.60009765625,1939225
2024-02-29,3789.052978515625,4095.10009765625,4138.10009765625,4064.550048828125,4099.0,3772719
2024-03-01,3788.358642578125,4094.35009765625,4140.0,4086.800048828125,4107.2001953125,2043265
2024-03-04,3775.728759765625,4080.699951171875,4117.89990234375,4075.89990234375,4105.0,1749271
2024-03-05,3712.255859375,4012.10009765625,4064.0,3980.0,4062.0,2070859
2024-03-06,3760.55419921875,4064.300048828125,4072.0,3958.449951171875,3994.050048828125,1744204
2024-03-07,3801.5439453125,4108.60009765625,4124.0,4037.699951171875,4065.0,2688905
2024-03-11,3814.26611328125,4122.35009765625,4153.0,4089.0,4089.0,2304068
2024-03-12,3878.9423828125,4192.25,4229.9501953125,4121.0498046875,4122.35009765625,4039801
2024-03-13,3838.924560546875,4149.0,4241.0,4131.89990234375,4205.0,2837260
2024-03-14,3893.144775390625,4207.60009765625,4225.0,4086.0,4153.4501953125,2919608
2024-03-15,3903.924560546875,4219.25,4239.0,4177.0,4192.60009765625,3373143
2024-03-18,3842.1630859375,4152.5,4254.75,4117.85009765625,4215.25,1526904
2024-03-19,3680.056396484375,3977.300048828125,4058.0,3966.60009765625,4051.25,8931209
2024-03-20,3674.134765625,3970.89990234375,4018.0,3960.199951171875,3986.0,1817913
2024-03-21,3676.03173828125,3972.949951171875,4008.39990234375,3948.0,3990.050048828125,3829582
2024-03-22,3618.618896484375,3910.89990234375,3938.0,3855.0,3897.0,5852485
2024-03-26,3587.71484375,3877.5,3946.699951171875,3871.449951171875,3875.0,3440925
2024-03-27,3553.85009765625,3840.89990234375,3895.0,3829.39990234375,3888.5,1968575
2024-03-28,3586.604248046875,3876.300048828125,3915.0,3840.5,3850.10009765625,4311783
2024-04-01,3624.031982421875,3916.75,3933.300048828125,3888.050048828125,3897.699951171875,1569676
2024-04-02,3593.54443359375,3883.800048828125,3909.85009765625,3873.0,3890.0,2142666
2024-04-03,3652.299072265625,3947.300048828125,3981.0,3851.0,3851.0,3973090
2024-04-04,3704.11328125,4003.300048828125,4028.64990234375,3935.25,3975.89990234375,3394637
2024-04-05,3681.86083984375,3979.25,4002.0,3960.5,3978.0,1636819
2024-04-08,3675.661865234375,3972.550048828125,4032.64990234375,3960.0,3983.0,2302538
2024-04-09,3651.604248046875,3946.550048828125,4015.85009765625,3925.050048828125,3984.0,1876992
2024-04-10,3686.857421875,3984.64990234375,3990.199951171875,3918.0,3956.39990234375,2101965
2024-04-12,3702.355224609375,4001.39990234375,4013.35009765625,3945.5,3971.0,4354821
2024-04-15,3646.654541015625,3941.199951171875,4064.199951171875,3919.050048828125,4001.39990234375,4200329
2024-04-16,3583.3662109375,3872.800048828125,3928.699951171875,3862.85009765625,3902.0,3051420
2024-04-18,3573.37353515625,3862.0,3936.0,3850.0,3876.800048828125,3476284
2024-04-19,3540.2490234375,3826.199951171875,3852.550048828125,3800.89990234375,3838.0,2957749
2024-04-22,3575.779296875,3864.60009765625,3878.0,3812.0,3837.0,1728883
2024-04-23,3585.12451171875,3874.699951171875,3895.0,3860.60009765625,3877.050048828125,1807586
2024-04-24,3544.736572265625,3831.050048828125,3898.0,3824.449951171875,3890.0,1317312
2024-04-25,3564.3056640625,3852.199951171875,3873.64990234375,3811.0,3811.199951171875,2856271
2024-04-26,3535.761474609375,3821.35009765625,3876.800048828125,3802.550048828125,3855.14990234375,2039178
2024-04-29,3580.960693359375,3870.199951171875,3877.800048828125,3819.199951171875,3838.0,1110693
2024-04-30,3535.113525390625,3820.64990234375,3881.75,3810.0,3872.0,2203078
2024-05-02,3574.576171875,3863.300048828125,3871.10009765625,3778.050048828125,3778.050048828125,2491044
2024-05-03,3556.163330078125,3843.39990234375,3893.60009765625,3797.60009765625,3890.14990234375,2962234
2024-05-06,3628.0107421875,3921.050048828125,3939.949951171875,3853.0,3853.0,2053831
2024-05-07,3681.5830078125,3978.949951171875,3988.0,3913.5,3930.800048828125,2062112
2024-05-08,3679.732421875,3976.949951171875,3984.300048828125,3938.60009765625,3961.0,1247685
2024-05-09,3664.234375,3960.199951171875,3971.0,3910.050048828125,3962.0,1726486
2024-05-10,3602.889404296875,3893.89990234375,3973.60009765625,3885.050048828125,3962.60009765625,1672489
2024-05-13,3652.760986328125,3947.800048828125,3955.0,3870.0,3884.5,931326
2024-05-14,3609.643310546875,3901.199951171875,3945.800048828125,3892.89990234375,3936.0,1058317
2024-05-15,3590.398193359375,3880.39990234375,3926.949951171875,3875.5,3904.5,1115021
2024-05-16,3635.64599609375,3900.949951171875,3909.5,3843.5,3891.10009765625,2599399
2024-05-17,3573.3427734375,3834.10009765625,3920.0,3830.0,3919.0,2765804
2024-05-21,3560.38818359375,3820.199951171875,3844.75,3810.050048828125,3830.60009765625,1908117
2024-05-22,3571.385986328125,3832.0,3841.25,3817.550048828125,3835.0,1311168
2024-05-23,3628.656494140625,3893.449951171875,3905.0,3825.5,3840.949951171875,2095742
2024-05-24,3587.6953125,3849.5,3883.800048828125,3844.300048828125,3878.25,1309452
2024-05-27,3585.412353515625,3847.050048828125,3908.35009765625,3841.35009765625,3855.0,1841538
2024-05-28,3578.748291015625,3839.89990234375,3870.0,3830.0,3858.0,1801993
2024-05-29,3544.963623046875,3803.64990234375,3848.89990234375,3800.0,3848.89990234375,1568095
2024-05-30,3482.0078125,3736.10009765625,3794.39990234375,3715.449951171875,3777.0,2919230
2024-05-31,3421.28857421875,3670.949951171875,3749.800048828125,3653.75,3740.0,10956800
2024-06-03,3451.01953125,3702.85009765625,3751.550048828125,3696.0,3732.800048828125,2156773
2024-06-04,3462.343017578125,3715.0,3745.0,3591.5,3700.0,3395997
2024-06-05,3491.65380859375,3746.449951171875,3783.800048828125,3700.0,3716.0,2799670
2024-06-06,3569.894287109375,3830.39990234375,3839.89990234375,3741.5,3781.0,4328036
2024-06-07,3629.122314453125,3893.949951171875,3915.0,3837.300048828125,3837.300048828125,4552445
2024-06-10,3596.269775390625,3858.699951171875,3905.89990234375,3841.89990234375,3895.0,1734661
2024-06-11,3590.11865234375,3852.10009765625,3879.949951171875,3841.0,3845.0,1419898
2024-06-12,3571.059326171875,3831.64990234375,3893.5,3827.449951171875,3874.39990234375,2177001
2024-06-13,3614.39697265625,3878.14990234375,3890.0,3852.0,3856.800048828125,1932323
2024-06-14,3571.43212890625,3832.050048828125,3889.0,3828.0,3889.0,1860730
2024-06-18,3555.635009765625,3815.10009765625,3842.0,3795.050048828125,3826.050048828125,1774045
2024-06-19,3543.146484375,3801.699951171875,3833.85009765625,3792.949951171875,3827.64990234375,1509050
2024-06-20,3529.67919921875,3787.25,3809.949951171875,3780.050048828125,3796.0,2846526
2024-06-21,3551.58056640625,3810.75,3877.800048828125,3798.050048828125,3827.0,4642195
2024-06-24,3557.21923828125,3816.800048828125,3857.0,3791.300048828125,3808.75,1702154
2024-06-25,3577.39697265625,3838.449951171875,3847.64990234375,3792.89990234375,3817.0,1338808
2024-06-26,3593.61376953125,3855.85009765625,3866.949951171875,3841.0,3844.5,1639845
2024-06-27,3666.588134765625,3934.14990234375,3942.0,3818.10009765625,3831.0,4526556
2024-06-28,3638.62841796875,3904.14990234375,3960.0,3897.85009765625,3917.800048828125,2731571
2024-07-01,3707.642578125,3978.199951171875,4001.699951171875,3884.0,3884.0,2658723
2024-07-02,3744.176513671875,4017.39990234375,4023.39990234375,3982.550048828125,3993.60009765625,2307449
2024-07-03,3695.573486328125,3965.25,4026.10009765625,3955.0,4020.0,1821198
2024-07-04,3747.485107421875,4020.949951171875,4047.35009765625,3982.10009765625,3999.85009765625,2518001
2024-07-05,3738.95751953125,4011.800048828125,4026.75,3988.0,4010.0,1668616
2024-07-08,3721.62255859375,3993.199951171875,4031.25,3978.050048828125,4022.0,1758882
2024-07-09,3714.446044921875,3985.5,4006.949951171875,3975.10009765625,3985.0,1305801
2024-07-10,3643.28857421875,3909.14990234375,4003.300048828125,3902.0,3983.699951171875,2669716
2024-07-11,3656.84912109375,3923.699951171875,3980.0,3895.60009765625,3931.0,4872189
2024-07-12,3899.39990234375,4183.9501953125,4199.9501953125,3971.300048828125,3980.0,13509164
2024-07-15,3885.65283203125,4169.2001953125,4240.0,4157.0498046875,4235.7001953125,4848030
2024-07-16,3894.273681640625,4178.4501953125,4194.5498046875,4144.89990234375,4172.0,2029521
2024-07-18,4022.049560546875,4315.5498046875,4325.0,4160.0,4160.0,5613364
2024-07-19,4019.106201171875,4302.39990234375,4358.75,4285.25,4317.39990234375,3903354
2024-07-22,4005.047607421875,4287.35009765625,4319.9501953125,4265.0,4299.9501953125,1896386
2024-07-23,4019.060546875,4302.35009765625,4361.7001953125,4266.2998046875,4283.0,2365208
2024-07-24,4022.702880859375,4306.25,4339.10009765625,4268.10009765625,4287.5,1809793
2024-07-25,4037.8828125,4322.5,4343.0,4274.2001953125,4295.0,2810342
2024-07-26,4098.93017578125,4387.85009765625,4422.4501953125,4337.0498046875,4350.0,3552210
2024-07-29,4092.62451171875,4381.10009765625,4431.0,4371.0,4415.0,1746803
2024-07-30,4077.912109375,4365.35009765625,4398.0,4327.2998046875,4391.10009765625,1797906
2024-07-31,4096.5947265625,4385.35009765625,4414.0,4345.0,4350.0,2330091
2024-08-01,4107.5712890625,4397.10009765625,4419.2998046875,4365.0498046875,4399.39990234375,2202244
2024-08-02,4001.03076171875,4283.0498046875,4398.0,4270.0,4365.0,2811282
2024-08-05,3881.458984375,4155.0498046875,4239.0,4110.5,4239.0,2787771
2024-08-06,3896.5458984375,4171.2001953125,4258.25,4160.7998046875,4170.9501953125,2203067
2024-08-07,3923.869873046875,4200.4501953125,4244.9501953125,4180.2998046875,4228.0,1237666
2024-08-08,3897.80615234375,4172.5498046875,4232.0,4160.0,4181.0,2441283
2024-08-09,3950.30615234375,4228.75,4253.64990234375,4205.5498046875,4217.0,1302536
2024-08-12,3919.385498046875,4195.64990234375,4239.0,4186.35009765625,4230.0,936912
2024-08-13,3920.60009765625,4196.9501953125,4234.0,4183.0,4213.0,1495593
2024-08-14,4012.42724609375,4295.25,4306.2001953125,4188.14990234375,4209.0,3226545
2024-08-16,4125.27294921875,4416.0498046875,4427.0,4325.10009765625,4350.0,3457058
2024-08-19,4194.353515625,4490.0,4494.25,4390.35009765625,4421.0,2055210
2024-08-20,4225.4609375,4523.2998046875,4565.0,4500.0,4505.0,2212298
2024-08-21,4251.80419921875,4551.5,4560.0,4492.5498046875,4518.0,1896990
2024-08-22,4205.5634765625,4502.0,4560.9501953125,4497.2001953125,4560.0,1829872
2024-08-23,4169.97216796875,4463.89990234375,4506.0,4455.0,4500.0,1809253
2024-08-26,4205.984375,4502.4501953125,4552.14990234375,4485.0,4489.0,1844164
2024-08-27,4201.03369140625,4497.14990234375,4510.0,4486.7998046875,4505.0,930697
2024-08-28,4209.34716796875,4506.0498046875,4562.5,4457.2998046875,4498.75,1848058
2024-08-29,4214.71875,4511.7998046875,4556.0,4460.0,4460.0,2133641
2024-08-30,4253.90673828125,4553.75,4592.25,4487.7998046875,4500.0,3637222
2024-09-02,4223.35888671875,4521.0498046875,4588.0,4512.0,4576.0,1216500
2024-09-03,4215.232421875,4512.35009765625,4555.89990234375,4495.89990234375,4521.0498046875,1717263
2024-09-04,4184.3115234375,4479.25,4487.0,4436.7001953125,4476.9501953125,1265505
2024-09-05,4181.2294921875,4475.9501953125,4499.0,4454.14990234375,4481.0,1688793
2024-09-06,4163.29345703125,4456.75,4518.9501953125,4440.0,4473.9501953125,1649179
2024-09-09,4156.56787109375,4449.5498046875,4490.25,4430.5,4455.0,1184938
2024-09-10,4211.029296875,4507.85009765625,4539.9501953125,4440.4501953125,4442.4501953125,1385591
2024-09-11,4184.40576171875,4479.35009765625,4549.35009765625,4471.25,4521.4501953125,1325919
2024-09-12,4220.22998046875,4517.7001953125,4532.60009765625,4431.2998046875,4510.25,2742216
2024-09-13,4224.80712890625,4522.60009765625,4547.0,4505.0,4530.0,1458786
2024-09-16,4216.0732421875,4513.25,4546.0498046875,4494.4501953125,4527.0,1155120
2024-09-17,4208.97314453125,4505.64990234375,4535.7998046875,4466.0,4513.25,1699364
2024-09-18,4059.975830078125,4346.14990234375,4497.0498046875,4321.0,4497.0498046875,2961779
2024-09-19,4013.26806640625,4296.14990234375,4422.2001953125,4281.7998046875,4390.0498046875,2927551
2024-09-20,4002.75830078125,4284.89990234375,4330.7001953125,4227.5,4316.89990234375,5447908
2024-09-23,3987.43896484375,4268.5,4309.39990234375,4253.0,4300.0,1702319
2024-09-24,3990.053955078125,4271.2998046875,4291.0,4240.0,4251.64990234375,3012026
2024-09-25,3993.27734375,4274.75,4289.60009765625,4240.0,4252.35009765625,2713073
2024-09-26,4009.85888671875,4292.5,4316.7998046875,4260.0,4260.0,3964251
2024-09-27,4024.9921875,4308.7001953125,4378.0,4300.0498046875,4335.0,3012477
2024-09-30,3987.43896484375,4268.5,4298.75,4260.0498046875,4286.89990234375,2503416
2024-10-01,4005.5615234375,4287.89990234375,4295.75,4242.9501953125,4255.5498046875,1823365
2024-10-03,3954.04248046875,4232.75,4279.0,4210.0,4262.60009765625,3350119
2024-10-04,3972.259033203125,4252.25,4298.0,4224.0498046875,4225.0,2965463
2024-10-07,3991.50244140625,4272.85009765625,4297.25,4229.39990234375,4273.89990234375,1472619
2024-10-08,3973.193603515625,4253.25,4279.39990234375,4203.9501953125,4272.60009765625,1541867
2024-10-09,3972.9130859375,4252.9501953125,4295.0,4246.7001953125,4260.0,1082504
2024-10-10,3949.044921875,4227.39990234375,4293.85009765625,4198.60009765625,4253.25,2378875
2024-10-11,3875.994384765625,4149.2001953125,4241.9501953125,4112.4501953125,4143.0,5759183
2024-10-14,3864.2705078125,4136.64990234375,4165.39990234375,4122.2001953125,4140.0,2137590
2024-10-15,3845.727294921875,4116.7998046875,4169.9501953125,4095.0,4131.0498046875,2759474
2024-10-16,3825.31640625,4094.949951171875,4115.0,4067.199951171875,4085.0,2359151
2024-10-17,3838.441162109375,4109.0,4129.9501953125,4092.949951171875,4112.7998046875,2522659
2024-10-18,3860.9619140625,4123.0498046875,4146.14990234375,4080.0,4090.0,2361000
2024-10-21,3820.508544921875,4079.85009765625,4139.9501953125,4070.0,4132.60009765625,1595450
2024-10-22,3760.2490234375,4015.5,4089.800048828125,4006.35009765625,4066.0,1928049
2024-10-23,3807.773193359375,4066.25,4113.5498046875,3995.14990234375,3999.60009765625,1966476
2024-10-24,3790.589111328125,4047.89990234375,4079.0,4004.0,4004.0,2676744
2024-10-25,3799.6259765625,4057.550048828125,4092.0,4032.699951171875,4057.050048828125,1759676
2024-10-28,3830.809326171875,4090.85009765625,4134.0,4051.0,4068.949951171875,1532534
2024-10-29,3816.200927734375,4075.25,4103.5,4060.10009765625,4095.85009765625,1445885
2024-10-30,3825.0029296875,4084.64990234375,4107.0,4060.050048828125,4075.0,1935002
2024-10-31,3716.189697265625,3968.449951171875,4078.300048828125,3960.0,4070.0,3740372
2024-11-01,3730.9384765625,3984.199951171875,3998.949951171875,3976.050048828125,3989.85009765625,154895
2024-11-04,3712.1630859375,3964.14990234375,3991.89990234375,3913.25,3966.300048828125,2269192
2024-11-05,3718.9052734375,3971.35009765625,3986.0,3941.10009765625,3941.10009765625,967590
2024-11-06,3876.507568359375,4139.64990234375,4149.7998046875,3975.25,4003.60009765625,3792017
2024-11-07,3887.0419921875,4150.89990234375,4205.7998046875,4085.050048828125,4169.7001953125,3724349
2024-11-08,3883.389892578125,4147.0,4169.75,4117.64990234375,4155.0,1648039
2024-11-11,3931.803955078125,4198.7001953125,4234.2998046875,4117.64990234375,4128.2001953125,1406487
2024-11-12,3930.5859375,4197.39990234375,4218.0,4164.35009765625,4216.0,1587640
2024-11-13,3886.52734375,4150.35009765625,4196.75,4131.0498046875,4178.10009765625,1098813
2024-11-14,3882.359619140625,4145.89990234375,4160.0,4116.4501953125,4135.0,1825432
2024-11-18,3763.99462890625,4019.5,4213.0,3990.199951171875,4213.0,3313944
2024-11-19,3782.7705078125,4039.550048828125,4132.14990234375,4014.10009765625,4019.89990234375,1776233
2024-11-21,3813.953369140625,4072.85009765625,4092.449951171875,4024.0,4044.89990234375,2384347
2024-11-22,3974.7861328125,4244.60009765625,4254.9501953125,4054.0,4071.0,3096553
2024-11-25,4040.8046875,4315.10009765625,4328.10009765625,4252.2001953125,4280.0,4052167
2024-11-26,4076.0146484375,4352.7001953125,4366.60009765625,4310.0,4321.0498046875,2060669
2024-11-27,4057.14453125,4332.5498046875,4377.39990234375,4324.0498046875,4358.9501953125,1558993
2024-11-28,3975.066650390625,4244.89990234375,4339.9501953125,4233.0,4319.0,2558544
2024-11-29,3999.366943359375,4270.85009765625,4298.7001953125,4195.64990234375,4220.0,2017425
2024-12-02,4004.798828125,4276.64990234375,4288.2001953125,4230.0498046875,4270.0,1670944
2024-12-03,4029.239501953125,4302.75,4325.0,4265.4501953125,4314.35009765625,2010905
2024-12-04,4077.606201171875,4354.39990234375,4386.9501953125,4289.0498046875,4313.5498046875,3302642
2024-12-05,4180.2861328125,4464.0498046875,4489.0,4360.0,4400.7998046875,3746747
2024-12-06,4162.91552734375,4445.5,4465.0,4412.75,4453.0,1842087
2024-12-09,4169.142578125,4452.14990234375,4469.39990234375,4415.5498046875,4430.4501953125,2066639
2024-12-10,4150.7880859375,4432.5498046875,4493.7998046875,4412.10009765625,4426.14990234375,2087828
2024-12-11,4146.01318359375,4427.4501953125,4448.64990234375,4407.0,4431.85009765625,1635256
2024-12-12,4171.76513671875,4454.9501953125,4485.0,4426.0,4430.0498046875,1914642
2024-12-13,4189.51025390625,4473.89990234375,4494.89990234375,4394.39990234375,4434.9501953125,1967048
2024-12-16,4134.5419921875,4415.2001953125,4475.0,4397.0,4459.0,1646224
2024-12-17,4053.352294921875,4328.5,4432.9501953125,4318.0,4410.0,3225027
2024-12-18,4071.47265625,4347.85009765625,4362.0,4289.60009765625,4311.7001953125,1575404
2024-12-19,4000.350830078125,4271.89990234375,4364.0,4262.0,4282.0,3015763
2024-12-20,3905.20849609375,4170.2998046875,4382.0,4152.5,4329.0,4116989
2024-12-23,3893.971435546875,4158.2998046875,4217.0,4114.89990234375,4200.0498046875,2195338
2024-12-24,3913.82421875,4179.5,4218.0,4158.2998046875,4158.2998046875,1181886
2024-12-26,3904.085205078125,4169.10009765625,4199.9501953125,4143.14990234375,4179.5,1208464
2024-12-27,3900.10546875,4164.85009765625,4180.9501953125,4147.25,4163.0,858100
2024-12-30,3894.439697265625,4158.7998046875,4199.2998046875,4112.0,4151.0,1527169
2024-12-31,3834.50830078125,4094.800048828125,4139.9501953125,4032.050048828125,4135.0,1555429
2025-01-01,3851.03662109375,4112.4501953125,4134.0,4085.449951171875,4094.39990234375,763161
2025-01-02,3910.312255859375,4175.75,4183.0,4096.9501953125,4120.0,1720835
2025-01-03,3839.28369140625,4099.89990234375,4179.9501953125,4092.300048828125,4179.9501953125,1791953
2025-01-06,3834.6953125,4095.0,4149.64990234375,4066.39990234375,4105.5,2085593
2025-01-07,3772.235107421875,4028.300048828125,4140.35009765625,4011.550048828125,4114.9501953125,2669054
2025-01-08,3847.243408203125,4108.39990234375,4126.0,4017.75,4034.89990234375,2181277
2025-01-09,3782.11474609375,4038.85009765625,4137.75,4025.300048828125,4101.0,2392472
2025-01-10,3994.497802734375,4265.64990234375,4297.0,4170.0,4200.0,7894300
2025-01-13,4018.330078125,4291.10009765625,4322.9501953125,4227.39990234375,4245.0,4003771
2025-01-14,3963.969482421875,4233.0498046875,4313.89990234375,4219.0498046875,4302.0,3441709
2025-01-15,3979.468505859375,4249.60009765625,4256.4501953125,4207.4501953125,4218.0,1653474
2025-01-16,3938.92041015625,4206.2998046875,4294.0,4191.85009765625,4260.0,2637705
2025-01-17,3933.19873046875,4124.2998046875,4160.60009765625,4100.0498046875,4159.89990234375,1761466
2025-01-20,3888.85302734375,4077.800048828125,4145.7998046875,4068.10009765625,4145.7998046875,1287799
2025-01-21,3848.846923828125,4035.85009765625,4111.0,4030.0,4095.300048828125,1971591
2025-01-22,3964.002197265625,4156.60009765625,4163.14990234375,4044.199951171875,4050.0,2409223
2025-01-23,3953.36865234375,4145.4501953125,4191.35009765625,4140.0498046875,4168.0,1822998
2025-01-24,3959.948486328125,4152.35009765625,4178.0,4104.0,4104.0,1910099
2025-01-27,3876.7890625,4065.14990234375,4156.35009765625,4041.050048828125,4102.0,1551782
2025-01-28,3853.090576171875,4040.300048828125,4102.0,4028.300048828125,4070.800048828125,2468272
2025-01-29,3909.833740234375,4099.7998046875,4107.85009765625,4054.0,4054.0,1217089
2025-01-30,3910.07177734375,4100.0498046875,4129.89990234375,4058.5,4099.89990234375,1531251
2025-01-31,3921.849609375,4112.39990234375,4128.4501953125,4085.25,4110.0,1492943
2025-02-01,3884.41845703125,4073.14990234375,4135.89990234375,4056.0,4113.0,437172
2025-02-03,3880.126953125,4068.64990234375,4077.0,3998.699951171875,4030.89990234375,1265713
2025-02-04,3916.74755859375,4107.0498046875,4118.85009765625,4066.050048828125,4083.699951171875,2547132
2025-02-05,3901.536865234375,4091.10009765625,4150.0,4076.0,4150.0,1693912
2025-02-06,3893.573486328125,4082.75,4139.5,4051.550048828125,4105.39990234375,2284536
2025-02-07,3842.695556640625,4029.39990234375,4090.0,4008.0,4090.0,1548940
2025-02-10,3849.895751953125,4036.949951171875,4052.0,4014.35009765625,4040.0,1339511
2025-02-11,3779.89697265625,3963.550048828125,4040.0,3955.0,4018.39990234375,1810908
2025-02-12,3767.11767578125,3950.14990234375,4021.75,3940.14990234375,3971.10009765625,1678002
2025-02-13,3728.97119140625,3910.14990234375,3984.449951171875,3902.25,3968.0,2277310
2025-02-14,3752.526611328125,3934.85009765625,3948.0,3900.0,3925.0,1681975
2025-02-17,3723.582763671875,3904.5,3934.0,3856.199951171875,3856.5,1799806
2025-02-18,3693.7333984375,3873.199951171875,3924.39990234375,3864.5,3898.39990234375,2149879
2025-02-19,3608.761962890625,3784.10009765625,3874.949951171875,3768.14990234375,3872.199951171875,4366672
2025-02-20,3604.279296875,3779.39990234375,3788.0,3751.300048828125,3761.5,2888572
2025-02-21,3610.57373046875,3786.0,3817.0,3775.0,3776.10009765625,1833931
2025-02-24,3505.28955078125,3675.60009765625,3763.199951171875,3670.0,3743.14990234375,2508516
2025-02-25,3461.373291015625,3629.550048828125,3658.0,3621.25,3625.0,4101954
2025-02-27,3445.160888671875,3612.550048828125,3638.0,3600.699951171875,3611.699951171875,3823856
2025-02-28,3321.851806640625,3483.25,3600.0,3457.0,3584.949951171875,7085018
2025-03-03,3331.19775390625,3493.050048828125,3523.25,3476.14990234375,3485.0,4990439
2025-03-04,3368.390869140625,3532.050048828125,3551.0,3464.300048828125,3474.0,2797737
2025-03-05,3382.695556640625,3547.050048828125,3600.35009765625,3520.85009765625,3520.85009765625,2501894
2025-03-06,3434.718505859375,3601.60009765625,3609.449951171875,3536.10009765625,3557.0,2786513
2025-03-07,3443.873291015625,3611.199951171875,3625.0,3574.39990234375,3600.0,2051315
2025-03-10,3423.32177734375,3589.64990234375,3622.10009765625,3582.60009765625,3606.5,1004626
2025-03-11,3409.63671875,3575.300048828125,3588.75,3537.64990234375,3558.0,1995450
2025-03-12,3343.738525390625,3506.199951171875,3569.25,3486.85009765625,3565.0,3174167
2025-03-13,3348.363525390625,3511.050048828125,3524.300048828125,3484.10009765625,3502.300048828125,1693004
2025-03-17,3335.632080078125,3497.699951171875,3530.449951171875,3477.35009765625,3489.0,2690906
2025-03-18,3335.632080078125,3497.699951171875,3497.699951171875,3497.699951171875,3497.699951171875,0
2025-03-19,3335.060302734375,3497.10009765625,3547.0,3462.75,3547.0,3051244
2025-03-20,3398.049560546875,3563.14990234375,3578.949951171875,3512.0,3512.0,2845192
2025-03-21,3412.306884765625,3578.10009765625,3616.25,3465.0,3475.0,4161925
2025-03-24,3460.80078125,3628.949951171875,3649.75,3566.60009765625,3600.0,1834751
2025-03-25,3488.266357421875,3657.75,3710.0,3638.0,3645.0,3135390
2025-03-26,3467.333251953125,3635.800048828125,3680.5,3625.85009765625,3647.75,1734499
2025-03-27,3482.019775390625,3651.199951171875,3663.0,3610.5,3614.85009765625,2528474
2025-03-28,3439.05712890625,3606.14990234375,3660.949951171875,3591.89990234375,3651.0,2051919
2025-04-01,3386.27197265625,3550.800048828125,3584.0,3525.0,3572.699951171875,2618493
2025-04-02,3379.739501953125,3543.949951171875,3564.10009765625,3530.050048828125,3544.0,1764313
2025-04-03,3245.46337890625,3403.14990234375,3502.0,3396.14990234375,3491.0,4537821
2025-04-04,3146.5205078125,3299.39990234375,3399.64990234375,3295.5,3362.60009765625,5317367
2025-04-07,3122.345458984375,3274.050048828125,3291.39990234375,3056.050048828125,3100.0,6623955
2025-04-08,3140.369384765625,3292.949951171875,3349.0,3255.300048828125,3302.050048828125,5557558
2025-04-09,3096.167236328125,3246.60009765625,3270.0,3212.050048828125,3260.550048828125,2990265
2025-04-11,3081.766845703125,3231.5,3298.949951171875,3206.0,3289.550048828125,7108961
2025-04-15,3097.693115234375,3248.199951171875,3314.39990234375,3238.60009765625,3314.39990234375,3512160
2025-04-16,3122.106689453125,3273.800048828125,3278.10009765625,3229.0,3248.199951171875,2384391
2025-04-17,3146.043701171875,3298.89990234375,3303.60009765625,3218.0,3245.5,2932346
2025-04-21,3167.692138671875,3321.60009765625,3354.0,3284.10009765625,3290.10009765625,2432946
2025-04-22,3160.82568359375,3314.39990234375,3333.89990234375,3295.0,3322.60009765625,2710498
2025-04-23,3254.85693359375,3413.0,3420.89990234375,3337.300048828125,3365.0,3543923
2025-04-24,3243.985107421875,3401.60009765625,3412.5,3387.699951171875,3401.10009765625,2252175
2025-04-25,3288.235107421875,3448.0,3477.800048828125,3405.0,3420.0,2742991
2025-04-28,3283.943603515625,3443.5,3457.800048828125,3405.0,3435.0,1593296
2025-04-29,3311.60009765625,3472.5,3495.0,3430.39990234375,3455.0,1578332
2025-04-30,3293.670654296875,3453.699951171875,3509.89990234375,3366.0,3472.0,2809332
2025-05-02,3272.02294921875,3431.0,3491.5,3420.0,3472.0,1721761
2025-05-05,3294.2431640625,3454.300048828125,3504.5,3446.39990234375,3450.0,1284443
2025-05-06,3299.679443359375,3460.0,3473.0,3437.0,3460.0,1324763
2025-05-07,3285.4697265625,3445.10009765625,3459.5,3420.60009765625,3420.60009765625,1477128
2025-05-08,3289.093017578125,3448.89990234375,3477.0,3428.699951171875,3448.0,2543591
2025-05-09,3280.892333984375,3440.300048828125,3446.199951171875,3398.10009765625,3399.0,2531757
2025-05-12,3452.646728515625,3620.39990234375,3630.5,3502.199951171875,3505.0,2228678
2025-05-13,3352.130615234375,3515.0,3623.0,3510.5,3620.39990234375,3062887
2025-05-14,3384.26904296875,3548.699951171875,3561.0,3508.60009765625,3521.0,2119499
2025-05-15,3414.0234375,3579.89990234375,3600.0,3514.10009765625,3564.0,3548330
2025-05-16,3396.285400390625,3561.300048828125,3593.89990234375,3546.10009765625,3593.89990234375,1666727
2025-05-19,3355.7548828125,3518.800048828125,3550.0,3503.699951171875,3550.0,2537377
2025-05-20,3336.204833984375,3498.300048828125,3558.0,3494.0,3531.800048828125,2038374
2025-05-21,3362.43017578125,3525.800048828125,3537.0,3498.300048828125,3508.0,1440153
2025-05-22,3315.891357421875,3477.0,3497.800048828125,3451.300048828125,3495.0,2034383
2025-05-23,3351.749267578125,3514.60009765625,3535.0,3465.60009765625,3477.0,1274331
2025-05-26,3373.3974609375,3537.300048828125,3545.0,3510.10009765625,3521.0,967470
2025-05-27,3336.586181640625,3498.699951171875,3540.0,3483.10009765625,3532.0,2467680
2025-05-28,3335.632080078125,3497.699951171875,3529.0,3493.0,3520.0,1222933
2025-05-29,3336.01416015625,3498.10009765625,3532.5,3486.5,3504.699951171875,3188072
2025-05-30,3302.92138671875,3463.39990234375,3506.699951171875,3453.10009765625,3490.0,3404365
2025-06-02,3289.95166015625,3449.800048828125,3460.0,3418.60009765625,3450.0,1877585
2025-06-03,3247.418212890625,3405.199951171875,3473.5,3400.5,3446.0,2848125
2025-06-04,3252.902099609375,3380.89990234375,3394.800048828125,3370.0,3389.0,2544807
2025-06-05,3243.4736328125,3371.10009765625,3409.0,3363.699951171875,3409.0,3584683
2025-06-06,3256.07763671875,3384.199951171875,3390.89990234375,3358.699951171875,3371.10009765625,2070390
2025-06-09,3292.350341796875,3421.89990234375,3434.0,3390.89990234375,3400.0,1718678
2025-06-10,3331.798095703125,3462.89990234375,3485.800048828125,3423.199951171875,3440.0,2419874
2025-06-11,3340.457275390625,3471.89990234375,3489.0,3449.10009765625,3470.0,2847013
2025-06-12,3304.1845703125,3434.199951171875,3474.699951171875,3423.199951171875,3471.89990234375,4060134
2025-06-13,3315.2490234375,3445.699951171875,3450.5,3393.199951171875,3393.199951171875,2178493
2025-06-16,3363.93359375,3496.300048828125,3509.0,3426.199951171875,3440.0,1934088
2025-06-17,3382.21435546875,3515.300048828125,3520.0,3488.10009765625,3510.0,2111940
2025-06-18,3320.733154296875,3451.39990234375,3538.0,3443.10009765625,3519.10009765625,2696327
2025-06-19,3294.370849609375,3424.0,3451.0,3413.0,3450.0,2672768
2025-06-20,3305.6279296875,3435.699951171875,3446.300048828125,3410.89990234375,3425.0,2351248
2025-06-23,3265.121826171875,3393.60009765625,3425.0,3370.0,3415.0,3123421
2025-06-24,3262.042724609375,3390.39990234375,3442.10009765625,3382.0,3434.60009765625,3403048
2025-06-25,3314.38330078125,3444.800048828125,3450.0,3400.0,3407.300048828125,1757699
2025-06-26,3311.4970703125,3441.800048828125,3451.39990234375,3415.300048828125,3444.800048828125,2879106
2025-06-27,3310.823486328125,3441.10009765625,3466.39990234375,3431.0,3455.0,1778433
2025-06-30,3330.93212890625,3462.0,3464.89990234375,3430.0,3439.89990234375,1468351
2025-07-01,3299.854736328125,3429.699951171875,3485.0,3413.5,3455.0,2375183
2025-07-02,3293.697265625,3423.300048828125,3489.89990234375,3420.0,3487.199951171875,3090585
2025-07-03,3272.04931640625,3400.800048828125,3435.300048828125,3397.60009765625,3430.0,2531870
2025-07-04,3290.329833984375,3419.800048828125,3427.0,3390.10009765625,3408.0,1109320
2025-07-07,3282.53662109375,3411.699951171875,3426.10009765625,3408.39990234375,3418.300048828125,1639174
2025-07-08,3277.24462890625,3406.199951171875,3425.0,3393.39990234375,3405.0,2325242
2025-07-09,3255.692626953125,3383.800048828125,3414.0,3367.0,3410.0,2034938
2025-07-10,3253.9609375,3382.0,3399.0,3356.0,3380.0,3035012
2025-07-11,3142.3525390625,3266.0,3335.0,3261.10009765625,3299.89990234375,7635550
2025-07-14,3100.69189453125,3222.699951171875,3272.0,3200.0,3266.0,3924009
2025-07-15,3129.171142578125,3252.300048828125,3259.39990234375,3206.0,3206.0,2590889
2025-07-16,3121.2548828125,3233.10009765625,3244.89990234375,3220.60009765625,3227.0,2540733
2025-07-17,3098.181640625,3209.199951171875,3242.0,3204.10009765625,3224.10009765625,2947640
2025-07-18,3079.549072265625,3189.89990234375,3228.800048828125,3187.0,3225.0,3432645
2025-07-21,3048.94580078125,3158.199951171875,3197.60009765625,3152.0,3190.0,3844346
2025-07-22,3050.29736328125,3159.60009765625,3180.10009765625,3154.60009765625,3159.60009765625,3198036
2025-07-23,3069.123046875,3179.10009765625,3182.0,3157.60009765625,3159.60009765625,1922875
2025-07-24,3039.0986328125,3148.0,3173.699951171875,3140.0,3165.10009765625,2934778
2025-07-25,3027.32080078125,3135.800048828125,3156.89990234375,3125.60009765625,3140.0,2568917
2025-07-28,2972.775634765625,3079.300048828125,3118.0,3069.89990234375,3110.0,3374473
2025-07-29,2950.28125,3056.0,3074.0,3041.199951171875,3060.0,4785312
2025-07-30,2947.964599609375,3053.60009765625,3069.0,3047.199951171875,3060.0,2880121
2025-07-31,2931.74560546875,3036.800048828125,3059.800048828125,3015.0,3041.699951171875,2968371
2025-08-01,2899.114990234375,3003.0,3036.800048828125,3000.0,3029.89990234375,2053847
2025-08-04,2968.044677734375,3074.39990234375,3079.39990234375,2991.60009765625,3009.10009765625,2519252
2025-08-05,2957.907958984375,3063.89990234375,3077.5,3042.0,3074.39990234375,1927996
2025-08-06,2927.4013671875,3032.300048828125,3066.800048828125,3026.0,3063.0,1487081
2025-08-07,2941.5927734375,3047.0,3051.60009765625,3010.89990234375,3016.0,2543076
2025-08-08,2931.359130859375,3036.39990234375,3059.800048828125,3025.0,3048.10009765625,2762140
2025-08-11,2935.607177734375,3040.800048828125,3049.89990234375,3021.300048828125,3036.39990234375,1884215
2025-08-12,2930.393798828125,3035.39990234375,3096.39990234375,3026.89990234375,3041.0,3358232
2025-08-13,2931.166259765625,3036.199951171875,3044.39990234375,3028.60009765625,3036.10009765625,2148166
2025-08-14,2917.7470703125,3022.300048828125,3055.89990234375,3019.10009765625,3034.0,3342174
2025-08-18,2907.031005859375,3011.199951171875,3049.0,3003.39990234375,3046.5,2945609
2025-08-19,2911.85791015625,3016.199951171875,3025.0,3011.10009765625,3011.199951171875,2650784
2025-08-20,2991.40771484375,3098.60009765625,3103.39990234375,3010.89990234375,3010.89990234375,4952358
2025-08-21,2995.26953125,3102.60009765625,3130.0,3083.10009765625,3130.0,3230726
2025-08-22,2948.3505859375,3054.0,3095.699951171875,3050.0,3086.0,1593791
2025-08-25,3031.955078125,3140.60009765625,3152.0,3077.10009765625,3087.300048828125,3448370
2025-08-26,3047.98046875,3157.199951171875,3162.0,3120.0,3129.0,5522097
2025-08-28,2986.67724609375,3093.699951171875,3146.5,3086.5,3145.0,3116051
2025-08-29,2977.988525390625,3084.699951171875,3115.0,3077.199951171875,3093.0,2271789
2025-09-01,3004.92333984375,3112.60009765625,3131.10009765625,3090.0,3090.0,1246862
2025-09-02,3003.861572265625,3111.5,3155.0,3103.10009765625,3121.10009765625,2185229
2025-09-03,2990.345703125,3097.5,3141.89990234375,3088.0,3129.89990234375,1799774
2025-09-04,2988.60791015625,3095.699951171875,3118.0,3090.800048828125,3116.0,1481391
2025-09-05,2942.847900390625,3048.300048828125,3103.39990234375,3028.60009765625,3097.10009765625,2802055
2025-09-08,2914.561279296875,3019.0,3064.89990234375,3016.0,3050.0,2626187
2025-09-09,2943.90966796875,3049.39990234375,3060.0,3030.800048828125,3032.10009765625,2489301
2025-09-10,3002.413330078125,3110.0,3122.699951171875,3053.39990234375,3056.39990234375,2079428
2025-09-11,3016.1220703125,3124.199951171875,3139.0,3110.10009765625,3139.0,2263446
2025-09-12,3025.003662109375,3133.39990234375,3148.699951171875,3121.0,3144.0,1447167
2025-09-15,3004.24755859375,3111.89990234375,3134.0,3096.0,3134.0,1732539
2025-09-16,3036.878173828125,3145.699951171875,3150.0,3109.10009765625,3128.0,2573429
2025-09-17,3063.041015625,3172.800048828125,3182.39990234375,3142.39990234375,3152.0,2418271
2025-09-18,3066.805908203125,3176.699951171875,3203.0,3161.39990234375,3185.0,2633138
2025-09-19,3059.565185546875,3169.199951171875,3180.5,3144.0,3170.0,4901694
2025-09-22,2967.4658203125,3073.800048828125,3106.89990234375,3065.0,3095.0,3634901
2025-09-23,2956.4599609375,3062.39990234375,3080.699951171875,3052.0,3070.0,3177741
2025-09-24,2930.393798828125,3035.39990234375,3057.0,3033.0,3050.0,1625714
2025-09-25,2855.09228515625,2957.39990234375,3029.60009765625,2951.0,3022.0,4974361
2025-09-26,2798.80908203125,2899.10009765625,2954.800048828125,2891.300048828125,2941.0,3934636
2025-09-29,2795.9130859375,2896.10009765625,2929.300048828125,2894.0,2916.0,3110035
2025-09-30,2788.47900390625,2888.39990234375,2915.300048828125,2885.10009765625,2911.0,2253458
2025-10-01,2813.386962890625,2914.199951171875,2924.800048828125,2866.60009765625,2891.0,1952902
2025-10-03,2801.51220703125,2901.89990234375,2924.0,2891.10009765625,2924.0,2899519
2025-10-06,2885.01953125,2988.39990234375,2993.60009765625,2895.60009765625,2902.0,2112774
2025-10-07,2870.828369140625,2973.699951171875,3004.5,2955.5,2995.0,3062943
2025-10-08,2922.4775390625,3027.199951171875,3043.0,2968.0,2975.0,4121889
2025-10-09,2955.7841796875,3061.699951171875,3066.0,3020.0,3034.0,3211304
2025-10-10,2923.53955078125,3028.300048828125,3070.0,3006.89990234375,3050.0,8817365
2025-10-13,2903.16943359375,3007.199951171875,3035.5,2998.199951171875,3027.0,2866865
2025-10-14,2857.89208984375,2960.300048828125,3027.199951171875,2955.5,3021.0,3611416
2025-10-15,2877.756591796875,2969.800048828125,2979.699951171875,2951.0,2971.0,4282226
2025-10-16,2878.628662109375,2970.699951171875,2975.0,2943.10009765625,2969.89990234375,3251495
2025-10-17,2870.391845703125,2962.199951171875,2988.800048828125,2955.39990234375,2970.0,4374683
2025-10-20,2921.749267578125,3015.199951171875,3023.0,2978.5,2985.5,3133039
2025-10-21,2913.512939453125,3006.699951171875,3031.800048828125,2996.0,3031.10009765625,310644
2025-10-23,2977.951904296875,3073.199951171875,3098.0,3036.10009765625,3055.0,5564758
2025-10-24,2968.26171875,3063.199951171875,3090.0,3058.300048828125,3080.0,2684318
2025-10-27,2989.2890625,3084.89990234375,3094.199951171875,3060.199951171875,3066.5,1946312
2025-10-28,2963.1259765625,3057.89990234375,3090.199951171875,3040.199951171875,3076.0,3470737
2025-10-29,2962.83544921875,3057.60009765625,3076.0,3046.10009765625,3057.89990234375,2895420
2025-10-30,2941.226318359375,3035.300048828125,3063.800048828125,3032.800048828125,3049.10009765625,2241536
2025-10-31,2963.222900390625,3058.0,3067.39990234375,3025.10009765625,3035.0,1868085
2025-11-03,2923.2998046875,3016.800048828125,3058.0,3010.0,3046.89990234375,2194877
2025-11-04,2897.5244140625,2990.199951171875,3029.300048828125,2976.0,3019.60009765625,2670720
2025-11-06,2917.582763671875,3010.89990234375,3024.0,2990.0,2990.10009765625,2542721
2025-11-07,2899.074951171875,2991.800048828125,3004.0,2960.5,3001.0,1830520
2025-11-10,2931.439453125,3025.199951171875,3047.89990234375,2992.0,2993.0,1556656
2025-11-11,2952.56396484375,3047.0,3055.699951171875,3018.0,3045.0,2806868
2025-11-12,3034.735595703125,3131.800048828125,3136.39990234375,3057.10009765625,3060.0,4460315
2025-11-13,3009.444580078125,3105.699951171875,3131.89990234375,3102.0,3131.800048828125,1740435
2025-11-14,3009.7353515625,3106.0,3113.10009765625,3077.300048828125,3090.0,2210794
2025-11-17,3006.052978515625,3102.199951171875,3123.5,3086.60009765625,3106.0,2232853
2025-11-18,2991.421142578125,3087.10009765625,3105.0,3078.0,3102.0,2548350
2025-11-19,3050.142822265625,3147.699951171875,3155.0,3083.5,3097.0,3151053
2025-11-20,3047.3330078125,3144.800048828125,3164.5,3138.10009765625,3148.0,2700767
2025-11-21,3052.952880859375,3150.60009765625,3170.0,3135.199951171875,3144.800048828125,4177037
2025-11-24,3043.84423828125,3141.199951171875,3178.89990234375,3131.0,3158.0,6703764
2025-11-25,3022.526123046875,3119.199951171875,3149.800048828125,3115.0,3145.300048828125,2737920
2025-11-26,3064.87158203125,3162.89990234375,3178.0,3117.0,3118.800048828125,2508527
2025-11-27,3039.386962890625,3136.60009765625,3180.0,3125.0,3180.0,2836233
2025-11-28,3040.2587890625,3137.5,3147.300048828125,3125.0,3140.0,1616690
2025-12-01,3036.285888671875,3133.39990234375,3154.0,3122.199951171875,3137.89990234375,1747647
2025-12-02,3038.5146484375,3135.699951171875,3144.0,3120.39990234375,3131.0,2512003
2025-12-03,3081.441650390625,3180.0,3211.89990234375,3139.0,3140.0,3952112
2025-12-04,3129.11669921875,3229.199951171875,3250.0,3187.39990234375,3194.0,5025905
2025-12-05,3137.837890625,3238.199951171875,3271.60009765625,3222.39990234375,3230.0,5244013
2025-12-08,3136.190673828125,3236.5,3259.89990234375,3208.60009765625,3243.0,2544725
2025-12-09,3108.86474609375,3208.300048828125,3233.699951171875,3181.199951171875,3230.0,2734893
2025-12-10,3090.356689453125,3189.199951171875,3225.0,3178.10009765625,3225.0,1386849
2025-12-11,3092.972900390625,3191.89990234375,3208.39990234375,3153.10009765625,3205.0,1914362
2025-12-12,3120.6865234375,3220.5,3223.0,3185.699951171875,3197.699951171875,1146554
2025-12-15,3130.0859375,3230.199951171875,3238.199951171875,3197.300048828125,3211.10009765625,1562190
2025-12-16,3105.763916015625,3205.10009765625,3220.0,3191.10009765625,3220.0,1734623
2025-12-17,3118.0703125,3217.800048828125,3236.89990234375,3200.5,3200.5,1376350
2025-12-18,3179.117919921875,3280.800048828125,3287.800048828125,3221.0,3228.0,2307422
2025-12-19,3180.280517578125,3282.0,3317.89990234375,3278.800048828125,3299.0,3902511
2025-12-22,3221.850830078125,3324.89990234375,3328.60009765625,3291.0,3310.0,2632816
2025-12-23,3207.41259765625,3310.0,3319.89990234375,3293.5,3319.89990234375,2365420
2025-12-24,3216.1337890625,3319.0,3327.10009765625,3296.10009765625,3304.10009765625,1367708
2025-12-26,3178.342529296875,3280.0,3320.0,3271.800048828125,3313.10009765625,1176664
2025-12-29,3150.7255859375,3251.5,3288.0,3242.89990234375,3280.0,2079473
2025-12-30,3146.17138671875,3246.800048828125,3267.5,3239.5,3250.0,2807593
2025-12-31,3106.82958984375,3206.199951171875,3246.0,3198.5,3240.0,3362634
2026-01-01,3127.37255859375,3227.39990234375,3234.10009765625,3198.199951171875,3215.0,1255735
2026-01-02,3149.950439453125,3250.699951171875,3254.300048828125,3219.5,3234.0,1184324
2026-01-05,3116.4228515625,3216.10009765625,3247.0,3191.0,3240.5,2341703
2026-01-06,3154.892578125,3255.800048828125,3263.199951171875,3205.0,3210.0,2912325
2026-01-07,3193.458984375,3295.60009765625,3300.60009765625,3223.199951171875,3242.89990234375,1989442
2026-01-08,3104.600830078125,3203.89990234375,3286.89990234375,3182.0,3286.89990234375,4159336
2026-01-09,3108.380126953125,3207.800048828125,3229.699951171875,3191.0,3191.0,1938673
2026-01-12,3139.19482421875,3239.60009765625,3252.0,3174.300048828125,3203.0,2228342
2026-01-13,3166.71435546875,3268.0,3280.0,3210.5,3245.0,5645341
2026-01-14,3093.554443359375,3192.5,3260.0,3183.0,3260.0,3539511
2026-01-15,3093.554443359375,3192.5,3192.5,3192.5,3192.5,0
2026-01-16,3163.8017578125,3206.699951171875,3221.89990234375,3171.0,3219.39990234375,4293470
2026-01-19,3121.278564453125,3163.60009765625,3220.0,3152.10009765625,3188.0,3387562
2026-01-20,3060.798583984375,3102.300048828125,3160.0,3091.10009765625,3151.60009765625,4499273
2026-01-21,3080.826904296875,3122.60009765625,3138.5,3082.0,3100.0,2015150
2026-01-22,3108.2548828125,3150.39990234375,3160.0,3122.300048828125,3150.0,2269827
2026-01-23,3120.193115234375,3162.5,3194.5,3152.0,3190.300048828125,2068857
2026-01-27,3115.75341796875,3158.0,3175.0,3130.0,3175.0,4279874
2026-01-28,3157.290283203125,3200.10009765625,3205.199951171875,3170.60009765625,3176.0,2751234
2026-01-29,3102.335205078125,3144.39990234375,3200.10009765625,3125.60009765625,3200.10009765625,2457641
2026-01-30,3082.109375,3123.89990234375,3141.0,3092.0,3141.0,3022068
2026-02-02,3127.1982421875,3169.60009765625,3198.0,3134.0,3198.0,2636272
2026-02-03,3182.153076171875,3225.300048828125,3350.0,3186.300048828125,3350.0,4366060
2026-02-04,2958.979248046875,2999.10009765625,3120.0,2986.0,3120.0,10852595
2026-02-05,2951.480712890625,2991.5,3029.699951171875,2972.300048828125,2990.0,3521545
2026-02-06,2902.248291015625,2941.60009765625,2985.0,2916.0,2976.60009765625,4687389
2026-02-09,2908.760009765625,2948.199951171875,2977.0,2937.5,2959.10009765625,2380318
2026-02-10,2944.673095703125,2984.60009765625,3011.60009765625,2943.5,2949.800048828125,3547763
2026-02-11,2870.873779296875,2909.800048828125,2998.0,2904.199951171875,2980.0,3363513
2026-02-12,2713.31005859375,2750.10009765625,2880.0,2740.0,2869.800048828125,10612156
2026-02-13,2656.1845703125,2692.199951171875,2713.0,2585.0,2585.0,11168735
2026-02-16,2670.39208984375,2706.60009765625,2719.800048828125,2671.0,2700.0,2918730
2026-02-17,2681.04736328125,2717.39990234375,2760.0,2695.199951171875,2716.0,4209118
2026-02-18,2658.848388671875,2694.89990234375,2730.0,2657.300048828125,2730.0,2950820
2026-02-19,2642.075927734375,2677.89990234375,2748.699951171875,2666.60009765625,2708.0,3238849
2026-02-20,2650.264892578125,2686.199951171875,2702.60009765625,2647.5,2667.0,2293482
2026-02-23,2640.497314453125,2676.300048828125,2704.0,2660.199951171875,2686.0,4699596
2026-02-24,2539.269775390625,2573.699951171875,2647.5,2561.300048828125,2641.0,7798833
2026-02-25,2594.126220703125,2629.300048828125,2654.199951171875,2595.0,2596.0,3621285
2026-02-26,2612.27978515625,2647.699951171875,2671.0,2635.0,2650.0,3464267
2026-02-27,2602.11767578125,2637.39990234375,2688.60009765625,2626.10009765625,2681.60009765625,5083717
2026-03-02,2578.537353515625,2613.5,2623.800048828125,2580.300048828125,2592.0,3374385
2026-03-04,2553.181396484375,2587.800048828125,2635.0,2580.39990234375,2625.0,3446434
2026-03-05,2544.3017578125,2578.800048828125,2609.5,2546.39990234375,2600.0,2960636
2026-03-06,2523.385498046875,2557.60009765625,2619.199951171875,2553.60009765625,2572.0,3998643
2026-03-09,2493.589111328125,2527.39990234375,2560.0,2505.0,2530.0,3653428
2026-03-10,2479.480712890625,2513.10009765625,2545.199951171875,2490.10009765625,2541.0,4323710
2026-03-11,2431.92529296875,2464.89990234375,2521.0,2460.10009765625,2508.10009765625,2720664
2026-03-12,2409.726318359375,2442.39990234375,2472.89990234375,2436.0,2459.800048828125,2752075
2026-03-13,2378.253173828125,2410.5,2445.89990234375,2397.0,2437.0,2466488
2026-03-16,2376.970458984375,2409.199951171875,2425.0,2366.10009765625,2410.0,3807907
2026-03-17,2359.70458984375,2391.699951171875,2420.0,2360.0,2420.0,2993367
2026-03-18,2408.14794921875,2440.800048828125,2482.89990234375,2410.0,2410.0,3082388
2026-03-19,2324.482177734375,2356.0,2424.0,2350.199951171875,2417.0,2757060
2026-03-20,2358.619384765625,2390.60009765625,2407.800048828125,2364.199951171875,2386.0,4206320
2026-03-23,2351.910400390625,2383.800048828125,2406.800048828125,2348.0,2365.0,3860515
2026-03-24,2366.709716796875,2398.800048828125,2435.39990234375,2379.10009765625,2404.10009765625,3420182
2026-03-25,2345.595947265625,2377.39990234375,2421.60009765625,2369.800048828125,2400.89990234375,5843778
2026-03-27,2357.830078125,2389.800048828125,2422.10009765625,2385.0,2403.89990234375,4979411
2026-03-30,2327.34326171875,2358.89990234375,2398.0,2346.199951171875,2375.10009765625,6804756
2026-04-01,2375.98388671875,2408.199951171875,2472.0,2397.89990234375,2429.0,4132661
2026-04-02,2417.915283203125,2450.699951171875,2469.89990234375,2375.699951171875,2386.0,5378361
2026-04-06,2440.804931640625,2473.89990234375,2482.0,2448.199951171875,2474.0,2572417
2026-04-07,2505.823486328125,2539.800048828125,2543.89990234375,2448.0,2461.0,4516550
2026-04-08,2524.9638671875,2559.199951171875,2580.300048828125,2540.10009765625,2572.0,4769337
2026-04-09,2554.365234375,2589.0,2605.0,2531.10009765625,2554.0,5628261
2026-04-10,2490.53076171875,2524.300048828125,2565.800048828125,2501.10009765625,2565.800048828125,10480239
2026-04-13,2439.5224609375,2472.60009765625,2504.89990234375,2470.0,2489.89990234375,3739587
2026-04-15,2520.72119140625,2554.89990234375,2559.0,2493.39990234375,2501.89990234375,5261384
2026-04-16,2542.427001953125,2576.89990234375,2594.0,2558.0,2572.0,3905403
2026-04-17,2546.965576171875,2581.5,2589.0,2555.89990234375,2570.0,2718206
2026-04-20,2545.091064453125,2579.60009765625,2594.0,2561.199951171875,2587.10009765625,2288558
2026-04-21,2575.57763671875,2610.5,2614.0,2560.0,2560.0,2719959
2026-04-22,2504.540771484375,2538.5,2580.0,2503.60009765625,2580.0,5232045
2026-04-23,2488.064208984375,2521.800048828125,2559.5,2516.300048828125,2529.0,2509050
2026-04-24,2364.8349609375,2396.89990234375,2505.0,2388.800048828125,2488.0,5107719
2026-04-27,2414.85693359375,2447.60009765625,2459.0,2396.89990234375,2396.89990234375,5853425
2026-04-28,2411.99560546875,2444.699951171875,2487.0,2427.39990234375,2444.0,4508363
2026-04-29,2441.59423828125,2474.699951171875,2487.89990234375,2447.60009765625,2451.0,2835961
2026-04-30,2440.804931640625,2473.89990234375,2491.0,2438.0,2479.0,3970446
2026-05-01,2440.804931640625,2473.89990234375,2473.89990234375,2473.89990234375,2473.89990234375,0
2026-05-04,2398.77490234375,2431.300048828125,2498.300048828125,2425.0,2494.0,2632358
2026-05-05,2394.828369140625,2427.300048828125,2460.39990234375,2412.199951171875,2430.0,3385720
2026-05-06,2402.81982421875,2435.39990234375,2471.0,2406.5,2441.89990234375,3147628
2026-05-07,2369.274658203125,2401.39990234375,2439.699951171875,2398.0,2438.199951171875,5829594
2026-05-08,2362.368408203125,2394.39990234375,2407.0,2375.10009765625,2398.0,3792199
2026-05-11,2360.888427734375,2392.89990234375,2415.0,2371.0,2371.0,1975188
2026-05-12,2269.52734375,2300.300048828125,2375.0,2283.0,2375.0,6347884
2026-05-13,2242.395263671875,2272.800048828125,2309.199951171875,2269.0,2306.0,3171843
2026-05-14,2215.953857421875,2246.0,2265.0,2206.39990234375,2265.0,5633313
2026-05-15,2233.712890625,2264.0,2304.89990234375,2252.0,2252.0,3410637
2026-05-18,2252.656005859375,2283.199951171875,2292.89990234375,2252.199951171875,2264.0,3773336
2026-05-19,2295.968994140625,2327.10009765625,2377.60009765625,2297.10009765625,2300.0,10394707
2026-05-20,2296.2646484375,2327.39990234375,2342.0,2317.800048828125,2323.89990234375,2537422
2026-05-21,2296.0673828125,2327.199951171875,2335.89990234375,2314.0,2331.0,3299087
2026-05-22,2286.300048828125,2317.300048828125,2340.0,2308.10009765625,2331.10009765625,2617262
2026-05-25,2308.199951171875,2308.199951171875,2326.10009765625,2293.0,2325.0,3298364
2026-05-26,2276.199951171875,2276.199951171875,2327.89990234375,2272.39990234375,2308.199951171875,3587597
2026-05-27,2284.199951171875,2284.199951171875,2295.60009765625,2260.89990234375,2275.0,2653950
2026-05-28,2284.199951171875,2284.199951171875,2284.199951171875,2284.199951171875,2284.199951171875,0
2026-05-29,2258.89990234375,2258.89990234375,2334.0,2235.0,2291.0,16331582
2026-06-01,2297.39990234375,2297.39990234375,2335.0,2280.0,2284.0,7505095
2026-06-02,2446.89990234375,2446.89990234375,2457.39990234375,2316.199951171875,2320.0,11306127
2026-06-03,2241.699951171875,2241.699951171875,2393.0,2224.800048828125,2393.0,15660062
2026-06-04,2241.0,2241.0,2253.10009765625,2216.60009765625,2241.699951171875,4867263
2026-06-05,2198.89990234375,2198.89990234375,2271.800048828125,2192.0,2262.89990234375,5019717
2026-06-08,2151.39990234375,2151.39990234375,2177.0,2143.300048828125,2170.0,6536734
2026-06-09,2151.0,2151.0,2174.0,2132.800048828125,2174.0,4148655
2026-06-10,2153.89990234375,2153.89990234375,2180.800048828125,2144.800048828125,2151.300048828125,2848650
2026-06-11,2135.60009765625,2135.60009765625,2154.60009765625,2110.0,2127.0,3079815
2026-06-12,2161.39990234375,2161.39990234375,2168.0,2138.0,2150.0,2124656
2026-06-15,2162.0,2162.0,2192.0,2159.300048828125,2192.0,3337083
2026-06-16,2199.0,2199.0,2209.0,2160.60009765625,2167.0,3079898
2026-06-17,2223.0,2223.0,2231.0,2200.699951171875,2209.0,2865010
2026-06-18,2203.300048828125,2203.300048828125,2214.0,2182.0,2209.0,3735188
2026-06-19,2125.0,2125.0,2138.0,2059.89990234375,2105.0,13286502
2026-06-22,2127.800048828125,2127.800048828125,2157.0,2121.0,2132.199951171875,4566101
2026-06-23,2059.60009765625,2059.60009765625,2114.0,2055.0,2111.0,6392736
2026-06-24,2109.0,2109.0,2120.699951171875,2061.0,2061.0,4747277
2026-06-25,2094.699951171875,2094.699951171875,2148.5,2088.0,2133.60009765625,4738903
2026-06-26,2094.699951171875,2094.699951171875,2094.699951171875,2094.699951171875,2094.699951171875,0
2026-06-29,2097.89990234375,2097.89990234375,2105.0,2071.0,2090.0,3412470
2026-06-30,2031.5,2031.5,2104.300048828125,2018.800048828125,2090.0,6848411
2026-07-01,1982.5999755859375,1982.5999755859375,2052.0,1976.800048828125,2039.9000244140625,4658295
2026-07-02,2068.10009765625,2068.10009765625,2076.89990234375,2002.5,2008.0,6040621
2026-07-03,2093.5,2093.5,2116.60009765625,2085.0,2100.0,4028819
2026-07-06,2057.60009765625,2057.60009765625,2093.0,2050.60009765625,2090.0,2567386
2026-07-07,2109.300048828125,2109.300048828125,2122.699951171875,2049.0,2050.0,2510095
